1_v4_preference,2_v4_preference,3_v4_preference,4_v4_preference,5_v4_preference,6_v4_preference,7_v4_preference,8_v4_preference,9_v4_preference,10_v4_preference,11_v4_preference,12_v4_preference,13_v4_preference,14_v4_preference,15_v4_preference,16_v4_preference,17_v4_preference,18_v4_preference,19_v4_preference,20_v4_preference,21_v4_preference,22_v4_preference,23_v4_preference,24_v4_preference,25_v4_preference,26_v4_preference,27_v4_preference,28_v4_preference,29_v4_preference,30_v4_preference,31_v4_preference,32_v4_preference,33_v4_preference,34_v4_preference,35_v4_preference,36_v4_preference,37_v4_preference,38_v4_preference,39_v4_preference,40_v4_preference,41_v4_preference,42_v4_preference,43_v4_preference,44_v4_preference,45_v4_preference,46_v4_preference,47_v4_preference,48_v4_preference,49_v4_preference,50_v4_preference,51_v4_preference,52_v4_preference,53_v4_preference,54_v4_preference,55_v4_preference,56_v4_preference,57_v4_preference,58_v4_preference,59_v4_preference,60_v4_preference,1_v8_preference,2_v8_preference,3_v8_preference,4_v8_preference,5_v8_preference,6_v8_preference,7_v8_preference,8_v8_preference,9_v8_preference,10_v8_preference,11_v8_preference,12_v8_preference,13_v8_preference,14_v8_preference,15_v8_preference,16_v8_preference,17_v8_preference,18_v8_preference,19_v8_preference,20_v8_preference,21_v8_preference,22_v8_preference,23_v8_preference,24_v8_preference,25_v8_preference,26_v8_preference,27_v8_preference,28_v8_preference,29_v8_preference,30_v8_preference,31_v8_preference,32_v8_preference,33_v8_preference,34_v8_preference,35_v8_preference,36_v8_preference,37_v8_preference,38_v8_preference,39_v8_preference,40_v8_preference,41_v8_preference,42_v8_preference,43_v8_preference,44_v8_preference,45_v8_preference,46_v8_preference,47_v8_preference,48_v8_preference,49_v8_preference,50_v8_preference,51_v8_preference,52_v8_preference,53_v8_preference,54_v8_preference,55_v8_preference,56_v8_preference,57_v8_preference,58_v8_preference,59_v8_preference,60_v8_preference,1_v3_preference,2_v3_preference,3_v3_preference,4_v3_preference,5_v3_preference,6_v3_preference,7_v3_preference,8_v3_preference,9_v3_preference,10_v3_preference,11_v3_preference,12_v3_preference,13_v3_preference,14_v3_preference,15_v3_preference,16_v3_preference,17_v3_preference,18_v3_preference,19_v3_preference,20_v3_preference,21_v3_preference,22_v3_preference,23_v3_preference,24_v3_preference,25_v3_preference,26_v3_preference,27_v3_preference,28_v3_preference,29_v3_preference,30_v3_preference,31_v3_preference,32_v3_preference,33_v3_preference,34_v3_preference,35_v3_preference,36_v3_preference,37_v3_preference,38_v3_preference,39_v3_preference,40_v3_preference,41_v3_preference,42_v3_preference,43_v3_preference,44_v3_preference,45_v3_preference,46_v3_preference,47_v3_preference,48_v3_preference,49_v3_preference,50_v3_preference,51_v3_preference,52_v3_preference,53_v3_preference,54_v3_preference,55_v3_preference,56_v3_preference,57_v3_preference,58_v3_preference,59_v3_preference,60_v3_preference,explain 
,,,,,,,,,,,,,,,,,,,,,,,,,,,,,,,,,,,,,,,,,,,,,,,,,,,,,,,,,,,,1,2,1,2,1,1,2,1,1,2,2,2,2,2,1,2,2,2,1,1,1,2,1,1,1,2,2,1,1,1,2,1,1,1,1,2,1,1,1,2,2,2,2,1,2,2,1,1,2,2,1,2,1,1,1,1,2,1,1,2,,,,,,,,,,,,,,,,,,,,,,,,,,,,,,,,,,,,,,,,,,,,,,,,,,,,,,,,,,,,,Guess why fashion trends have changed 
,,,,,,,,,,,,,,,,,,,,,,,,,,,,,,,,,,,,,,,,,,,,,,,,,,,,,,,,,,,,1,1,1,1,1,2,2,2,1,2,1,2,2,1,1,1,1,2,2,2,2,2,1,2,2,2,1,1,1,1,2,1,2,1,1,1,2,1,1,2,1,2,1,2,2,1,2,1,2,1,1,1,1,2,1,1,2,1,2,2,,,,,,,,,,,,,,,,,,,,,,,,,,,,,,,,,,,,,,,,,,,,,,,,,,,,,,,,,,,,,"Choose between two explanations for a scenario, selecting the explanation that seemed better and more likely"
,,,,,,,,,,,,,,,,,,,,,,,,,,,,,,,,,,,,,,,,,,,,,,,,,,,,,,,,,,,,1,1,2,1,1,2,1,1,2,2,1,1,2,1,1,1,1,2,2,1,1,2,1,2,1,1,2,2,1,2,2,1,2,1,2,2,1,1,1,1,2,1,1,2,1,1,2,2,2,1,1,2,1,1,2,1,1,1,2,2,,,,,,,,,,,,,,,,,,,,,,,,,,,,,,,,,,,,,,,,,,,,,,,,,,,,,,,,,,,,,pick which statement is better for the question
1,1,2,1,1,1,1,1,1,1,1,1,1,2,2,1,1,2,2,2,1,1,1,1,2,2,2,2,1,1,1,2,1,2,1,1,2,1,1,1,1,1,1,1,1,2,1,2,1,1,1,1,2,1,1,1,1,1,2,2,,,,,,,,,,,,,,,,,,,,,,,,,,,,,,,,,,,,,,,,,,,,,,,,,,,,,,,,,,,,,,,,,,,,,,,,,,,,,,,,,,,,,,,,,,,,,,,,,,,,,,,,,,,,,,,,,,,,,,,,,chose the best and most likely explanation
2,2,1,1,2,1,2,2,1,1,2,1,2,1,2,1,2,2,2,2,1,1,2,2,2,2,2,2,2,2,2,1,1,2,2,2,1,2,1,2,2,2,1,1,2,2,2,1,1,2,2,2,1,1,2,2,2,2,2,2,,,,,,,,,,,,,,,,,,,,,,,,,,,,,,,,,,,,,,,,,,,,,,,,,,,,,,,,,,,,,,,,,,,,,,,,,,,,,,,,,,,,,,,,,,,,,,,,,,,,,,,,,,,,,,,,,,,,,,,,,Pick which explanation out of two was the best and most likely one to explain the scenario.
,,,,,,,,,,,,,,,,,,,,,,,,,,,,,,,,,,,,,,,,,,,,,,,,,,,,,,,,,,,,1,1,2,2,1,2,1,1,1,1,2,1,2,1,1,1,2,1,1,2,2,2,2,2,1,1,1,1,1,1,1,1,2,1,2,1,1,1,1,2,1,1,1,1,2,1,1,1,2,1,1,2,1,1,2,1,2,2,1,2,,,,,,,,,,,,,,,,,,,,,,,,,,,,,,,,,,,,,,,,,,,,,,,,,,,,,,,,,,,,,"read the vignette , and find out what explanation fits with it best"
,,,,,,,,,,,,,,,,,,,,,,,,,,,,,,,,,,,,,,,,,,,,,,,,,,,,,,,,,,,,,,,,,,,,,,,,,,,,,,,,,,,,,,,,,,,,,,,,,,,,,,,,,,,,,,,,,,,,,,,,2,1,1,2,2,1,2,1,2,1,2,2,1,1,1,2,2,1,1,1,1,1,2,1,2,1,1,2,2,2,1,1,1,1,2,2,1,1,2,2,2,2,2,1,1,2,1,2,2,2,1,2,1,2,1,1,2,1,1,2,Pick which explanation best fit the story 
,,,,,,,,,,,,,,,,,,,,,,,,,,,,,,,,,,,,,,,,,,,,,,,,,,,,,,,,,,,,,,,,,,,,,,,,,,,,,,,,,,,,,,,,,,,,,,,,,,,,,,,,,,,,,,,,,,,,,,,,2,2,2,2,2,2,2,2,2,2,2,2,2,2,2,2,1,2,2,2,1,2,2,2,1,1,2,1,2,2,1,2,1,2,1,2,1,2,2,2,2,2,2,1,2,2,2,2,2,2,2,2,1,2,2,2,2,1,2,2,Evaluate and choose an explanation as to why protestors were turning violent during their protest for workers' rights
,,,,,,,,,,,,,,,,,,,,,,,,,,,,,,,,,,,,,,,,,,,,,,,,,,,,,,,,,,,,1,2,1,2,1,1,2,2,2,1,1,1,2,1,1,2,1,2,2,1,1,1,2,1,2,1,1,1,1,1,2,1,2,1,1,2,1,1,2,2,2,2,2,1,2,2,2,1,2,2,1,1,1,2,2,1,1,2,2,1,,,,,,,,,,,,,,,,,,,,,,,,,,,,,,,,,,,,,,,,,,,,,,,,,,,,,,,,,,,,,"I was asked to pick between two explanations, several times."
1,1,2,1,1,1,2,1,1,1,1,1,1,2,1,1,1,1,2,1,1,1,2,1,2,1,2,2,1,2,1,1,1,2,1,1,1,2,2,1,1,2,1,1,1,1,1,1,1,1,1,1,1,1,1,2,1,1,2,1,,,,,,,,,,,,,,,,,,,,,,,,,,,,,,,,,,,,,,,,,,,,,,,,,,,,,,,,,,,,,,,,,,,,,,,,,,,,,,,,,,,,,,,,,,,,,,,,,,,,,,,,,,,,,,,,,,,,,,,,,chose which explanation makes the most sense as to how certain movements gained influence.
,,,,,,,,,,,,,,,,,,,,,,,,,,,,,,,,,,,,,,,,,,,,,,,,,,,,,,,,,,,,1,1,1,2,1,1,1,2,1,2,2,1,2,1,1,2,2,2,2,1,2,2,2,2,2,1,2,2,2,1,2,1,2,2,2,2,1,2,1,2,2,2,2,1,2,2,2,1,2,1,2,2,1,1,1,2,2,2,2,1,,,,,,,,,,,,,,,,,,,,,,,,,,,,,,,,,,,,,,,,,,,,,,,,,,,,,,,,,,,,,I am asked to choose between two answers and determined which is more appropriate answer for the question about the increase in fashion turnover.
1,2,2,2,2,1,1,1,1,2,2,1,1,2,2,1,2,2,2,2,1,1,1,1,2,1,1,2,2,2,2,2,2,2,1,2,2,1,2,2,1,1,2,2,2,1,2,2,1,2,1,1,1,2,1,2,1,1,1,1,,,,,,,,,,,,,,,,,,,,,,,,,,,,,,,,,,,,,,,,,,,,,,,,,,,,,,,,,,,,,,,,,,,,,,,,,,,,,,,,,,,,,,,,,,,,,,,,,,,,,,,,,,,,,,,,,,,,,,,,,"After reading the paragraph, i was asked to evaluate the explaination the people gave after reading that paragraph and how they gained influence."
1,2,1,1,1,1,1,1,1,2,1,1,1,2,2,1,1,1,1,2,1,1,1,1,2,1,2,2,1,2,1,2,1,1,1,2,1,1,2,2,1,2,1,1,1,1,1,2,1,2,2,1,1,2,1,1,2,2,2,1,,,,,,,,,,,,,,,,,,,,,,,,,,,,,,,,,,,,,,,,,,,,,,,,,,,,,,,,,,,,,,,,,,,,,,,,,,,,,,,,,,,,,,,,,,,,,,,,,,,,,,,,,,,,,,,,,,,,,,,,,social media and why controversy was trending
,,,,,,,,,,,,,,,,,,,,,,,,,,,,,,,,,,,,,,,,,,,,,,,,,,,,,,,,,,,,,,,,,,,,,,,,,,,,,,,,,,,,,,,,,,,,,,,,,,,,,,,,,,,,,,,,,,,,,,,,2,1,1,2,2,1,1,1,2,1,2,2,1,2,1,2,1,1,1,1,1,1,1,1,1,1,1,2,1,1,1,1,1,1,1,2,1,1,2,1,2,2,2,1,2,1,1,2,2,2,1,2,1,1,2,1,2,1,1,1,Asked to pick the more likely choice to the question asked after the vingette
,,,,,,,,,,,,,,,,,,,,,,,,,,,,,,,,,,,,,,,,,,,,,,,,,,,,,,,,,,,,,,,,,,,,,,,,,,,,,,,,,,,,,,,,,,,,,,,,,,,,,,,,,,,,,,,,,,,,,,,,1,2,1,1,1,1,1,1,1,1,1,1,1,1,1,1,1,1,1,1,1,1,1,1,1,2,1,1,1,1,1,1,1,1,1,1,1,1,1,1,1,1,1,1,1,1,1,1,2,1,1,1,1,1,2,1,2,1,1,1,I was asked to read a vignette and choose which statement best represents the cause of the incident in the story.
,,,,,,,,,,,,,,,,,,,,,,,,,,,,,,,,,,,,,,,,,,,,,,,,,,,,,,,,,,,,,,,,,,,,,,,,,,,,,,,,,,,,,,,,,,,,,,,,,,,,,,,,,,,,,,,,,,,,,,,,1,1,1,2,2,2,2,1,1,1,1,1,1,1,1,2,1,1,1,1,1,2,1,1,1,2,1,1,2,1,1,2,2,1,1,1,1,1,2,1,1,2,2,1,1,1,1,1,2,2,1,1,1,2,1,1,1,2,1,1,Evaluate the different explanation-pairs for what led to violent protest.
1,1,2,1,1,2,1,1,1,1,2,2,1,2,1,1,2,1,1,2,1,1,1,1,2,2,2,2,2,2,1,1,1,2,1,2,1,1,1,1,1,1,2,1,1,1,2,1,1,2,2,1,1,1,1,1,1,1,2,1,,,,,,,,,,,,,,,,,,,,,,,,,,,,,,,,,,,,,,,,,,,,,,,,,,,,,,,,,,,,,,,,,,,,,,,,,,,,,,,,,,,,,,,,,,,,,,,,,,,,,,,,,,,,,,,,,,,,,,,,,Differentiate between two statements that ideated on the reason that this social media craze happened that amplified minority voices.
,,,,,,,,,,,,,,,,,,,,,,,,,,,,,,,,,,,,,,,,,,,,,,,,,,,,,,,,,,,,,,,,,,,,,,,,,,,,,,,,,,,,,,,,,,,,,,,,,,,,,,,,,,,,,,,,,,,,,,,,1,2,1,2,2,2,1,2,1,1,1,1,2,1,1,1,1,1,2,2,1,1,1,1,1,1,2,1,1,1,1,2,2,1,1,1,1,1,2,2,1,1,2,1,2,1,2,2,2,1,1,1,1,1,1,1,1,1,1,2,I was asked to choose between two different peoples reasoning for why the protesters got violent.
,,,,,,,,,,,,,,,,,,,,,,,,,,,,,,,,,,,,,,,,,,,,,,,,,,,,,,,,,,,,1,2,1,1,1,1,1,1,1,2,1,1,1,1,1,2,1,2,2,2,1,2,1,2,2,2,1,1,1,2,2,1,2,1,2,1,1,2,2,2,1,1,1,2,1,2,1,1,2,2,2,1,2,1,1,2,1,2,2,1,,,,,,,,,,,,,,,,,,,,,,,,,,,,,,,,,,,,,,,,,,,,,,,,,,,,,,,,,,,,,asked to compare explanations people gave ragarding the vignette and the qestion
1,2,2,2,1,1,1,1,1,1,2,1,2,2,2,1,1,2,2,2,1,1,2,2,1,2,1,2,2,1,2,2,2,2,2,1,2,2,1,2,1,1,2,1,2,2,1,1,1,2,1,1,1,1,2,2,2,1,2,1,,,,,,,,,,,,,,,,,,,,,,,,,,,,,,,,,,,,,,,,,,,,,,,,,,,,,,,,,,,,,,,,,,,,,,,,,,,,,,,,,,,,,,,,,,,,,,,,,,,,,,,,,,,,,,,,,,,,,,,,,Asked to choose which explanation was more likely true between two explanations of a situation 
,,,,,,,,,,,,,,,,,,,,,,,,,,,,,,,,,,,,,,,,,,,,,,,,,,,,,,,,,,,,,,,,,,,,,,,,,,,,,,,,,,,,,,,,,,,,,,,,,,,,,,,,,,,,,,,,,,,,,,,,1,1,1,1,2,1,1,1,1,1,1,1,1,2,1,1,1,1,1,1,1,1,1,1,1,1,1,1,1,1,1,2,2,1,1,2,1,1,1,1,1,1,2,1,1,1,1,1,2,2,1,1,1,1,2,2,1,1,1,1,I was asked to choose which explanation for an event was better.
1,1,1,1,1,1,1,1,1,1,1,1,1,2,1,1,1,2,2,1,1,1,1,1,2,1,1,1,1,1,1,1,1,2,1,1,1,1,1,2,1,1,1,2,1,1,1,1,1,1,1,1,1,1,2,1,1,1,2,1,,,,,,,,,,,,,,,,,,,,,,,,,,,,,,,,,,,,,,,,,,,,,,,,,,,,,,,,,,,,,,,,,,,,,,,,,,,,,,,,,,,,,,,,,,,,,,,,,,,,,,,,,,,,,,,,,,,,,,,,,Deciding which explanation makes more sense to answer a question
,,,,,,,,,,,,,,,,,,,,,,,,,,,,,,,,,,,,,,,,,,,,,,,,,,,,,,,,,,,,,,,,,,,,,,,,,,,,,,,,,,,,,,,,,,,,,,,,,,,,,,,,,,,,,,,,,,,,,,,,1,2,1,1,2,1,1,1,1,1,1,1,1,1,1,1,1,1,1,1,1,1,1,1,1,2,1,1,1,1,1,1,2,1,1,2,1,1,1,1,1,1,1,1,1,1,1,1,2,1,1,1,1,1,2,1,1,2,1,1,I was asked to pick which of two explanations was more likely why the protest turned violent
,,,,,,,,,,,,,,,,,,,,,,,,,,,,,,,,,,,,,,,,,,,,,,,,,,,,,,,,,,,,,,,,,,,,,,,,,,,,,,,,,,,,,,,,,,,,,,,,,,,,,,,,,,,,,,,,,,,,,,,,1,1,1,1,2,1,1,1,1,1,1,1,1,1,1,1,1,1,1,1,1,1,1,1,1,1,1,1,1,1,1,1,2,1,1,2,1,1,1,1,1,1,1,1,1,1,1,1,1,1,1,1,1,1,1,1,1,1,1,1,I was asked to choose which scenario was more likely 
,,,,,,,,,,,,,,,,,,,,,,,,,,,,,,,,,,,,,,,,,,,,,,,,,,,,,,,,,,,,,,,,,,,,,,,,,,,,,,,,,,,,,,,,,,,,,,,,,,,,,,,,,,,,,,,,,,,,,,,,2,2,2,2,2,1,2,1,2,2,2,2,1,2,1,2,1,1,2,1,1,1,2,1,1,2,1,1,2,2,1,2,2,2,2,2,1,1,2,2,2,2,2,1,2,1,1,2,2,2,2,2,1,1,2,1,2,2,2,2,Pick the explanation that best fit the vignette and question out of two.
,,,,,,,,,,,,,,,,,,,,,,,,,,,,,,,,,,,,,,,,,,,,,,,,,,,,,,,,,,,,,,,,,,,,,,,,,,,,,,,,,,,,,,,,,,,,,,,,,,,,,,,,,,,,,,,,,,,,,,,,1,1,1,1,1,1,1,1,1,1,1,1,1,1,1,2,1,1,1,1,1,1,1,2,1,1,1,1,1,1,1,1,1,1,1,2,1,1,1,1,1,1,1,1,1,1,1,1,1,1,1,2,1,1,1,1,2,2,1,2,Decide which of 2 explanations were most logical.
,,,,,,,,,,,,,,,,,,,,,,,,,,,,,,,,,,,,,,,,,,,,,,,,,,,,,,,,,,,,2,2,2,2,1,2,1,1,2,1,1,2,2,1,1,1,1,1,2,1,2,2,1,2,2,1,2,1,2,1,1,1,2,2,1,2,2,1,2,1,2,2,2,2,2,1,2,2,1,2,2,2,2,1,1,2,2,2,2,2,,,,,,,,,,,,,,,,,,,,,,,,,,,,,,,,,,,,,,,,,,,,,,,,,,,,,,,,,,,,,I was asked to select the more plausible explanation for a given vinaigrette. The vinaigrette claims that fashion trends are more frequent nowadays and people are changing their wardrobes more often.
,,,,,,,,,,,,,,,,,,,,,,,,,,,,,,,,,,,,,,,,,,,,,,,,,,,,,,,,,,,,2,1,1,2,1,1,1,1,2,1,2,2,2,2,2,2,2,1,2,2,2,2,2,2,1,2,2,2,2,1,1,2,2,2,2,2,1,2,1,2,1,2,2,2,2,2,1,2,2,2,2,1,2,1,2,1,2,2,2,2,,,,,,,,,,,,,,,,,,,,,,,,,,,,,,,,,,,,,,,,,,,,,,,,,,,,,,,,,,,,,Choose the better explanation between two options.
,,,,,,,,,,,,,,,,,,,,,,,,,,,,,,,,,,,,,,,,,,,,,,,,,,,,,,,,,,,,1,2,2,1,1,2,1,2,2,1,1,1,2,1,1,1,2,2,1,1,2,2,2,2,1,1,1,1,1,1,2,1,2,1,1,1,2,2,2,2,1,2,1,1,1,1,1,1,2,1,1,2,1,1,2,1,1,2,2,1,,,,,,,,,,,,,,,,,,,,,,,,,,,,,,,,,,,,,,,,,,,,,,,,,,,,,,,,,,,,,Choose the most likely reason for the fashion change
,,,,,,,,,,,,,,,,,,,,,,,,,,,,,,,,,,,,,,,,,,,,,,,,,,,,,,,,,,,,,,,,,,,,,,,,,,,,,,,,,,,,,,,,,,,,,,,,,,,,,,,,,,,,,,,,,,,,,,,,1,1,2,2,1,1,2,2,2,2,1,2,1,2,1,2,1,1,1,1,1,1,1,2,2,2,1,2,1,2,1,2,2,1,1,2,2,2,2,1,1,1,2,2,1,2,1,1,1,2,2,2,2,1,2,2,1,2,2,1,Pick which reason more agreeable to me
,,,,,,,,,,,,,,,,,,,,,,,,,,,,,,,,,,,,,,,,,,,,,,,,,,,,,,,,,,,,1,1,1,1,1,1,2,1,1,1,1,1,1,1,1,1,2,2,1,2,2,1,2,1,2,2,1,1,2,1,1,1,2,1,2,1,1,1,1,2,1,1,1,1,1,1,1,1,2,2,1,1,1,1,1,1,1,1,2,2,,,,,,,,,,,,,,,,,,,,,,,,,,,,,,,,,,,,,,,,,,,,,,,,,,,,,,,,,,,,,I was asked to pick an argument that was more convincing 
,,,,,,,,,,,,,,,,,,,,,,,,,,,,,,,,,,,,,,,,,,,,,,,,,,,,,,,,,,,,,,,,,,,,,,,,,,,,,,,,,,,,,,,,,,,,,,,,,,,,,,,,,,,,,,,,,,,,,,,,2,1,1,2,2,2,2,1,2,2,2,2,1,2,1,2,1,1,1,1,1,1,1,1,1,1,1,1,2,2,2,2,2,1,2,2,1,1,2,2,2,1,2,1,1,2,2,2,1,2,2,2,1,1,2,1,1,2,2,1,Choose the best explanation between 2 explanations of why a protest turned violent. 
,,,,,,,,,,,,,,,,,,,,,,,,,,,,,,,,,,,,,,,,,,,,,,,,,,,,,,,,,,,,1,2,1,2,1,2,1,1,1,1,1,1,2,1,1,1,2,2,2,1,2,2,1,2,2,2,1,1,1,1,2,1,2,1,1,2,1,1,1,2,1,1,1,1,2,2,1,1,2,2,1,1,1,1,2,1,2,2,1,2,,,,,,,,,,,,,,,,,,,,,,,,,,,,,,,,,,,,,,,,,,,,,,,,,,,,,,,,,,,,,determine which scenario was more likely to have produced the given outcome regarding fashion trends.
,,,,,,,,,,,,,,,,,,,,,,,,,,,,,,,,,,,,,,,,,,,,,,,,,,,,,,,,,,,,1,1,1,2,1,2,1,1,1,1,1,1,1,1,1,1,1,1,1,1,1,1,1,1,1,1,1,1,1,1,1,1,2,1,2,2,1,1,1,1,1,2,1,1,1,1,1,1,1,1,1,1,1,1,1,1,1,1,1,2,,,,,,,,,,,,,,,,,,,,,,,,,,,,,,,,,,,,,,,,,,,,,,,,,,,,,,,,,,,,,I was asked to choose the better explanation for why fashion trends change so frequently now.
,,,,,,,,,,,,,,,,,,,,,,,,,,,,,,,,,,,,,,,,,,,,,,,,,,,,,,,,,,,,1,2,2,2,1,2,2,1,1,1,1,1,2,1,2,2,2,2,2,2,1,2,2,2,2,1,2,2,2,2,2,1,2,2,1,2,2,2,2,2,2,2,1,1,2,2,2,2,2,2,1,2,2,2,2,2,2,2,2,1,,,,,,,,,,,,,,,,,,,,,,,,,,,,,,,,,,,,,,,,,,,,,,,,,,,,,,,,,,,,,read vignettes relating to the frequent change in fashion trends and decide which option best outlines the reason for the change since 2010
,,,,,,,,,,,,,,,,,,,,,,,,,,,,,,,,,,,,,,,,,,,,,,,,,,,,,,,,,,,,1,1,1,1,1,2,2,2,1,2,1,2,2,1,1,1,1,1,1,2,1,2,1,2,1,1,1,1,1,1,2,2,2,2,1,1,1,1,2,2,1,1,1,2,1,1,2,2,2,2,1,1,2,1,2,2,1,1,2,1,,,,,,,,,,,,,,,,,,,,,,,,,,,,,,,,,,,,,,,,,,,,,,,,,,,,,,,,,,,,,Read a vignette and answer to the vignette and choose which option was more likely related to that answer
,,,,,,,,,,,,,,,,,,,,,,,,,,,,,,,,,,,,,,,,,,,,,,,,,,,,,,,,,,,,1,2,1,2,1,2,2,1,1,2,2,1,2,1,1,2,2,1,2,1,2,2,2,2,2,1,2,1,2,2,2,1,2,1,2,1,1,1,2,1,2,1,1,2,2,2,1,2,2,2,2,2,2,1,2,2,1,2,1,2,,,,,,,,,,,,,,,,,,,,,,,,,,,,,,,,,,,,,,,,,,,,,,,,,,,,,,,,,,,,,Decide which explanation was more plausible.
,,,,,,,,,,,,,,,,,,,,,,,,,,,,,,,,,,,,,,,,,,,,,,,,,,,,,,,,,,,,,,,,,,,,,,,,,,,,,,,,,,,,,,,,,,,,,,,,,,,,,,,,,,,,,,,,,,,,,,,,2,1,1,2,2,1,2,1,2,2,2,2,1,2,2,1,1,1,1,1,1,1,1,1,2,2,1,1,2,2,1,2,2,1,2,2,1,1,2,1,1,2,2,1,1,2,1,1,2,2,1,2,1,1,1,1,1,2,2,1,Evaluate which one of two scenarios was the more likely explanation for a protest march turning violent.
1,1,1,1,1,2,1,1,1,2,1,1,1,2,1,1,1,1,1,1,1,2,1,2,1,1,2,1,1,1,1,1,1,2,1,1,1,1,1,1,1,2,2,2,1,1,2,1,1,1,1,2,1,1,1,1,1,1,1,1,,,,,,,,,,,,,,,,,,,,,,,,,,,,,,,,,,,,,,,,,,,,,,,,,,,,,,,,,,,,,,,,,,,,,,,,,,,,,,,,,,,,,,,,,,,,,,,,,,,,,,,,,,,,,,,,,,,,,,,,,Read the paragraph on the people of Gredland and then pick which follow up description was more fitting for what was written.
,,,,,,,,,,,,,,,,,,,,,,,,,,,,,,,,,,,,,,,,,,,,,,,,,,,,,,,,,,,,1,2,2,2,1,2,1,2,1,1,1,2,2,1,1,1,1,2,2,1,1,1,1,2,2,1,1,1,2,1,2,1,2,1,1,1,1,1,2,2,2,1,1,2,1,2,1,2,1,2,1,2,2,2,2,2,1,1,2,2,,,,,,,,,,,,,,,,,,,,,,,,,,,,,,,,,,,,,,,,,,,,,,,,,,,,,,,,,,,,,Judge others' theories about why fashions change so often in Jirev.
1,1,1,1,1,1,2,1,1,1,2,1,1,1,1,1,1,2,1,1,1,1,1,2,1,2,1,1,1,1,1,1,1,1,1,1,1,1,1,1,2,1,2,2,1,2,1,1,1,1,1,1,1,1,1,1,1,1,2,1,,,,,,,,,,,,,,,,,,,,,,,,,,,,,,,,,,,,,,,,,,,,,,,,,,,,,,,,,,,,,,,,,,,,,,,,,,,,,,,,,,,,,,,,,,,,,,,,,,,,,,,,,,,,,,,,,,,,,,,,,Pick the answer to an explanation that seems to make the most sense.
1,2,1,2,1,1,2,2,2,2,2,2,2,2,2,2,2,2,2,2,2,2,2,2,2,2,2,2,2,2,2,1,2,2,2,1,2,2,1,2,2,2,2,2,2,2,2,2,2,2,2,2,2,2,2,2,2,2,2,2,,,,,,,,,,,,,,,,,,,,,,,,,,,,,,,,,,,,,,,,,,,,,,,,,,,,,,,,,,,,,,,,,,,,,,,,,,,,,,,,,,,,,,,,,,,,,,,,,,,,,,,,,,,,,,,,,,,,,,,,,I was asked to evaluate explanations for a scenario described
1,2,1,1,1,1,2,1,1,1,2,1,1,2,2,1,1,2,2,2,2,1,1,2,2,2,2,2,1,2,1,1,2,2,2,1,2,2,1,2,2,1,1,1,1,2,1,2,1,1,1,1,1,1,2,2,2,2,2,1,,,,,,,,,,,,,,,,,,,,,,,,,,,,,,,,,,,,,,,,,,,,,,,,,,,,,,,,,,,,,,,,,,,,,,,,,,,,,,,,,,,,,,,,,,,,,,,,,,,,,,,,,,,,,,,,,,,,,,,,,Which statement was the most likely
,,,,,,,,,,,,,,,,,,,,,,,,,,,,,,,,,,,,,,,,,,,,,,,,,,,,,,,,,,,,1,2,2,2,1,1,2,2,2,2,2,2,2,2,2,2,2,2,2,2,1,2,2,1,2,1,2,1,1,1,2,1,2,1,2,1,2,2,2,1,1,2,2,1,2,2,2,2,1,2,1,1,1,2,2,2,1,2,2,2,,,,,,,,,,,,,,,,,,,,,,,,,,,,,,,,,,,,,,,,,,,,,,,,,,,,,,,,,,,,,Compare two statements explaining the reasons why fashion trends in Jirev have been turning over at a quicker rate in the past 12 years
1,1,1,1,1,1,1,1,1,1,2,1,1,2,1,1,1,2,1,2,1,2,2,2,1,1,2,2,1,1,1,1,1,2,1,1,1,1,1,1,1,1,2,2,1,1,2,1,2,2,1,1,1,1,1,1,2,1,1,1,,,,,,,,,,,,,,,,,,,,,,,,,,,,,,,,,,,,,,,,,,,,,,,,,,,,,,,,,,,,,,,,,,,,,,,,,,,,,,,,,,,,,,,,,,,,,,,,,,,,,,,,,,,,,,,,,,,,,,,,,"In this study, I was asked to choose fitting contexts for the same simple prompt "
1,1,1,2,1,1,1,1,2,1,2,1,1,2,2,1,1,2,2,1,1,1,1,1,1,2,2,2,1,1,1,2,1,2,1,1,1,2,1,1,2,1,1,2,1,1,2,1,2,1,1,1,2,1,2,1,2,2,2,1,,,,,,,,,,,,,,,,,,,,,,,,,,,,,,,,,,,,,,,,,,,,,,,,,,,,,,,,,,,,,,,,,,,,,,,,,,,,,,,,,,,,,,,,,,,,,,,,,,,,,,,,,,,,,,,,,,,,,,,,,Pick which explanation for the story was better
,,,,,,,,,,,,,,,,,,,,,,,,,,,,,,,,,,,,,,,,,,,,,,,,,,,,,,,,,,,,,,,,,,,,,,,,,,,,,,,,,,,,,,,,,,,,,,,,,,,,,,,,,,,,,,,,,,,,,,,,2,2,1,2,1,2,1,2,2,2,1,1,1,2,1,2,1,1,2,1,1,1,1,1,1,1,1,1,1,1,1,2,2,1,2,2,1,1,2,1,1,2,1,1,1,1,1,2,1,2,1,2,1,1,1,1,1,1,1,1,Read a set of explanations about why a riot occurred and decide which sounded more likely.
,,,,,,,,,,,,,,,,,,,,,,,,,,,,,,,,,,,,,,,,,,,,,,,,,,,,,,,,,,,,1,2,1,2,1,2,1,1,1,1,1,2,2,1,1,1,1,2,2,2,2,2,1,2,2,1,2,1,1,1,1,1,2,1,1,2,1,2,2,2,2,1,1,2,1,2,2,2,2,1,2,2,2,1,2,1,2,2,1,2,,,,,,,,,,,,,,,,,,,,,,,,,,,,,,,,,,,,,,,,,,,,,,,,,,,,,,,,,,,,,determine which statement explained the scenario that was provided.
,,,,,,,,,,,,,,,,,,,,,,,,,,,,,,,,,,,,,,,,,,,,,,,,,,,,,,,,,,,,,,,,,,,,,,,,,,,,,,,,,,,,,,,,,,,,,,,,,,,,,,,,,,,,,,,,,,,,,,,,2,1,1,2,1,1,2,1,1,1,1,2,1,1,1,2,2,1,2,2,1,2,1,1,1,1,1,1,2,1,1,1,2,1,2,2,1,1,2,1,1,2,2,2,1,2,1,1,2,2,2,1,1,1,1,1,2,1,2,1,Read fictional vignettes about a protest and select between the likely situation.
,,,,,,,,,,,,,,,,,,,,,,,,,,,,,,,,,,,,,,,,,,,,,,,,,,,,,,,,,,,,,,,,,,,,,,,,,,,,,,,,,,,,,,,,,,,,,,,,,,,,,,,,,,,,,,,,,,,,,,,,1,1,1,1,1,1,1,1,1,1,1,1,1,1,1,2,1,1,1,1,1,1,1,1,1,1,1,1,1,1,1,1,2,1,1,1,1,1,1,1,1,1,1,1,2,1,1,1,2,1,1,1,1,1,2,1,1,1,1,1,Read a short description and then two reasons why it happened to choose which reason was the best.
2,1,1,1,1,2,1,1,1,1,1,1,1,2,2,1,1,1,2,2,2,1,1,1,2,2,1,1,2,1,2,2,1,2,1,2,1,1,1,1,1,1,1,2,1,1,1,2,2,1,2,1,1,1,2,2,2,1,1,1,,,,,,,,,,,,,,,,,,,,,,,,,,,,,,,,,,,,,,,,,,,,,,,,,,,,,,,,,,,,,,,,,,,,,,,,,,,,,,,,,,,,,,,,,,,,,,,,,,,,,,,,,,,,,,,,,,,,,,,,,"Read a passage about a social movement in a community and determine which explanation to the question ""how did these ideas spread so easily"" is the best"
,,,,,,,,,,,,,,,,,,,,,,,,,,,,,,,,,,,,,,,,,,,,,,,,,,,,,,,,,,,,1,2,1,2,1,2,2,2,1,1,2,1,2,1,1,1,2,2,2,1,1,2,2,1,2,1,1,2,1,1,2,1,2,2,2,1,1,1,1,2,1,2,2,1,2,2,2,2,2,1,2,2,1,2,2,1,1,2,2,1,,,,,,,,,,,,,,,,,,,,,,,,,,,,,,,,,,,,,,,,,,,,,,,,,,,,,,,,,,,,,"pick between two statements, choose which one made the most sense given the situation"
1,1,1,1,1,1,2,2,1,1,1,2,1,2,1,1,2,1,1,1,1,1,2,1,1,1,1,1,2,1,1,1,1,1,1,1,1,1,1,1,1,1,2,2,1,1,1,1,1,1,1,1,1,1,1,1,2,1,2,1,,,,,,,,,,,,,,,,,,,,,,,,,,,,,,,,,,,,,,,,,,,,,,,,,,,,,,,,,,,,,,,,,,,,,,,,,,,,,,,,,,,,,,,,,,,,,,,,,,,,,,,,,,,,,,,,,,,,,,,,,decide between 2 statements which is the better one of the paragraph 
,,,,,,,,,,,,,,,,,,,,,,,,,,,,,,,,,,,,,,,,,,,,,,,,,,,,,,,,,,,,,,,,,,,,,,,,,,,,,,,,,,,,,,,,,,,,,,,,,,,,,,,,,,,,,,,,,,,,,,,,1,1,1,1,1,1,1,1,2,2,1,1,1,1,1,2,1,1,1,1,1,1,1,1,1,1,2,1,1,1,1,1,2,1,2,1,1,1,2,1,2,1,1,1,1,1,1,1,2,2,2,2,1,1,2,1,1,2,1,1,Decide which explantion for why a protest turned violent made the most sense. 
,,,,,,,,,,,,,,,,,,,,,,,,,,,,,,,,,,,,,,,,,,,,,,,,,,,,,,,,,,,,1,1,2,2,1,2,1,2,1,1,1,1,1,1,1,1,2,2,2,2,2,2,1,2,1,1,2,2,2,1,1,1,2,2,2,2,1,1,2,2,1,1,1,2,1,1,2,1,2,1,1,2,1,1,1,1,2,1,2,2,,,,,,,,,,,,,,,,,,,,,,,,,,,,,,,,,,,,,,,,,,,,,,,,,,,,,,,,,,,,,I read a vignette and then had to choose between two explanations and determine which one seemed more likely.
1,2,1,2,2,1,1,1,1,2,2,1,1,2,2,1,1,1,2,2,1,1,1,2,1,1,1,2,2,1,2,2,2,2,1,2,2,2,1,1,1,1,2,2,1,1,1,1,1,1,1,2,1,1,2,2,1,2,2,2,,,,,,,,,,,,,,,,,,,,,,,,,,,,,,,,,,,,,,,,,,,,,,,,,,,,,,,,,,,,,,,,,,,,,,,,,,,,,,,,,,,,,,,,,,,,,,,,,,,,,,,,,,,,,,,,,,,,,,,,,Read a vignette and choose between two options the best opinion. 
,,,,,,,,,,,,,,,,,,,,,,,,,,,,,,,,,,,,,,,,,,,,,,,,,,,,,,,,,,,,1,1,1,2,1,2,1,1,1,1,1,1,1,2,1,1,1,1,1,1,2,2,2,1,2,1,1,1,2,1,1,1,2,1,1,1,1,1,1,1,1,1,1,2,2,1,1,1,2,1,1,1,1,1,1,1,1,1,1,2,,,,,,,,,,,,,,,,,,,,,,,,,,,,,,,,,,,,,,,,,,,,,,,,,,,,,,,,,,,,,Choose the explanation that was better and more likely.
,,,,,,,,,,,,,,,,,,,,,,,,,,,,,,,,,,,,,,,,,,,,,,,,,,,,,,,,,,,,,,,,,,,,,,,,,,,,,,,,,,,,,,,,,,,,,,,,,,,,,,,,,,,,,,,,,,,,,,,,1,1,2,1,1,1,1,2,2,1,1,1,1,1,1,1,1,1,1,2,1,1,1,1,1,2,1,1,1,2,1,1,2,1,1,1,1,1,1,1,1,1,1,1,1,1,1,1,2,1,1,1,1,1,2,1,1,1,1,1,rate which statement was more believable 
,,,,,,,,,,,,,,,,,,,,,,,,,,,,,,,,,,,,,,,,,,,,,,,,,,,,,,,,,,,,1,2,1,2,1,2,2,1,2,1,1,1,1,2,1,2,1,2,2,1,2,2,1,2,2,1,2,2,1,1,1,1,2,2,1,2,1,1,1,2,2,2,1,1,1,1,1,1,2,2,2,2,2,1,2,2,1,1,2,1,,,,,,,,,,,,,,,,,,,,,,,,,,,,,,,,,,,,,,,,,,,,,,,,,,,,,,,,,,,,,Pick which cause was more believable. 
1,1,2,1,1,2,2,1,2,2,2,1,1,2,2,1,1,2,2,2,2,1,2,2,1,1,2,1,1,1,2,2,1,2,1,1,1,2,1,2,2,2,1,1,1,2,1,1,2,1,1,1,2,1,2,1,2,2,2,1,,,,,,,,,,,,,,,,,,,,,,,,,,,,,,,,,,,,,,,,,,,,,,,,,,,,,,,,,,,,,,,,,,,,,,,,,,,,,,,,,,,,,,,,,,,,,,,,,,,,,,,,,,,,,,,,,,,,,,,,,"Choose the better and most likely of 2 statements about Gredland, sensationalism and minority opinions"
,,,,,,,,,,,,,,,,,,,,,,,,,,,,,,,,,,,,,,,,,,,,,,,,,,,,,,,,,,,,1,1,2,2,2,1,2,2,1,1,2,2,2,1,1,2,2,2,1,2,2,2,2,1,2,2,2,2,1,1,2,1,2,2,2,1,1,1,2,2,2,2,1,2,2,2,2,2,2,2,1,2,2,2,1,2,1,2,2,1,,,,,,,,,,,,,,,,,,,,,,,,,,,,,,,,,,,,,,,,,,,,,,,,,,,,,,,,,,,,,decide which explanation was more liekly
,,,,,,,,,,,,,,,,,,,,,,,,,,,,,,,,,,,,,,,,,,,,,,,,,,,,,,,,,,,,1,2,2,1,1,1,1,2,1,1,2,2,2,1,2,2,1,2,1,1,2,2,1,1,2,1,2,1,2,1,2,1,2,2,2,2,1,1,1,1,1,1,2,2,2,2,2,1,2,2,1,2,2,2,1,1,1,1,2,1,,,,,,,,,,,,,,,,,,,,,,,,,,,,,,,,,,,,,,,,,,,,,,,,,,,,,,,,,,,,,"Choose between two answers, which best explained or answered a question related to the article."
,,,,,,,,,,,,,,,,,,,,,,,,,,,,,,,,,,,,,,,,,,,,,,,,,,,,,,,,,,,,1,2,1,2,2,1,1,2,1,1,1,1,2,2,2,2,2,1,1,2,1,2,2,2,2,2,2,2,2,1,2,1,2,2,2,2,1,2,2,1,1,1,1,1,1,2,2,1,2,2,1,1,2,2,1,2,1,1,2,2,,,,,,,,,,,,,,,,,,,,,,,,,,,,,,,,,,,,,,,,,,,,,,,,,,,,,,,,,,,,,Judge which explanation for a question was more reasonable
1,1,1,1,1,1,1,1,1,1,1,1,1,2,1,1,1,1,2,1,1,1,1,1,1,1,2,1,1,1,1,1,1,1,1,1,1,1,1,1,1,1,1,2,1,1,1,1,1,1,1,1,1,1,1,1,1,1,2,1,,,,,,,,,,,,,,,,,,,,,,,,,,,,,,,,,,,,,,,,,,,,,,,,,,,,,,,,,,,,,,,,,,,,,,,,,,,,,,,,,,,,,,,,,,,,,,,,,,,,,,,,,,,,,,,,,,,,,,,,,decide which option in a pair was the best explanation for why a minority opinion in Gredland was gaining ground in social media
,,,,,,,,,,,,,,,,,,,,,,,,,,,,,,,,,,,,,,,,,,,,,,,,,,,,,,,,,,,,1,2,2,1,1,1,1,1,1,1,1,2,2,1,1,1,1,2,1,1,2,2,1,2,2,1,1,1,1,1,1,1,2,1,1,1,1,1,2,2,2,2,1,1,1,2,1,2,2,2,1,1,1,1,2,2,2,1,2,1,,,,,,,,,,,,,,,,,,,,,,,,,,,,,,,,,,,,,,,,,,,,,,,,,,,,,,,,,,,,,decide which statement was a better explanation for fashion trends
,,,,,,,,,,,,,,,,,,,,,,,,,,,,,,,,,,,,,,,,,,,,,,,,,,,,,,,,,,,,,,,,,,,,,,,,,,,,,,,,,,,,,,,,,,,,,,,,,,,,,,,,,,,,,,,,,,,,,,,,1,1,1,2,2,1,1,2,1,1,1,1,1,1,2,1,1,1,1,2,1,2,1,2,1,2,1,1,1,1,1,2,2,1,1,2,2,1,1,1,1,1,1,1,1,2,1,1,1,1,1,2,1,1,1,1,2,1,1,1,Pick the response that made the most sense.
,,,,,,,,,,,,,,,,,,,,,,,,,,,,,,,,,,,,,,,,,,,,,,,,,,,,,,,,,,,,1,1,2,2,1,2,1,2,1,2,1,1,1,2,1,1,1,2,1,2,1,2,1,2,1,1,1,1,1,1,1,1,2,1,1,1,2,2,2,1,1,1,1,2,1,1,1,1,2,1,1,2,1,1,1,2,1,1,2,2,,,,,,,,,,,,,,,,,,,,,,,,,,,,,,,,,,,,,,,,,,,,,,,,,,,,,,,,,,,,,Pick between two choices about fashion in a fictional country. 
,,,,,,,,,,,,,,,,,,,,,,,,,,,,,,,,,,,,,,,,,,,,,,,,,,,,,,,,,,,,1,1,1,2,1,2,1,2,1,1,2,2,2,1,1,1,1,2,1,2,2,1,2,2,2,1,2,1,2,1,1,2,2,2,1,2,1,2,2,2,2,2,1,2,2,2,1,2,2,2,2,2,2,1,2,2,2,2,2,2,,,,,,,,,,,,,,,,,,,,,,,,,,,,,,,,,,,,,,,,,,,,,,,,,,,,,,,,,,,,,I was asked to choose the better of two reasonings about why fashion trends in Jirev changed more frequently than before.
,,,,,,,,,,,,,,,,,,,,,,,,,,,,,,,,,,,,,,,,,,,,,,,,,,,,,,,,,,,,1,1,1,2,1,2,1,2,1,1,2,1,2,1,1,1,1,1,1,1,1,2,2,2,2,1,1,1,1,1,1,1,2,2,2,2,1,2,1,2,2,1,1,2,1,2,1,2,2,2,1,1,2,1,2,2,2,1,1,2,,,,,,,,,,,,,,,,,,,,,,,,,,,,,,,,,,,,,,,,,,,,,,,,,,,,,,,,,,,,,Decide which was the most likely or believable reasons.
,,,,,,,,,,,,,,,,,,,,,,,,,,,,,,,,,,,,,,,,,,,,,,,,,,,,,,,,,,,,1,1,2,2,1,1,1,2,1,1,1,2,1,1,1,1,1,2,1,1,1,2,2,2,1,1,2,1,1,1,1,1,2,1,1,2,1,1,1,1,1,1,1,1,2,2,1,1,2,1,1,2,1,1,1,1,1,2,1,2,,,,,,,,,,,,,,,,,,,,,,,,,,,,,,,,,,,,,,,,,,,,,,,,,,,,,,,,,,,,,"To chose the best response, out of 2, in regards to the story attached."
2,2,1,2,1,2,2,1,1,1,2,2,2,2,2,1,1,2,2,1,2,2,1,2,2,2,2,2,2,2,2,2,1,1,1,1,1,1,1,2,2,2,1,1,1,1,1,2,1,2,1,1,1,1,1,1,1,1,2,2,,,,,,,,,,,,,,,,,,,,,,,,,,,,,,,,,,,,,,,,,,,,,,,,,,,,,,,,,,,,,,,,,,,,,,,,,,,,,,,,,,,,,,,,,,,,,,,,,,,,,,,,,,,,,,,,,,,,,,,,,Choose which description most accurately described the question asked 
,,,,,,,,,,,,,,,,,,,,,,,,,,,,,,,,,,,,,,,,,,,,,,,,,,,,,,,,,,,,1,2,2,1,1,2,1,1,1,2,1,2,1,1,1,1,1,2,1,1,1,2,2,1,1,1,1,1,1,1,1,1,2,2,2,1,2,2,2,2,2,1,1,2,2,1,2,2,2,2,1,2,2,2,1,2,2,1,2,2,,,,,,,,,,,,,,,,,,,,,,,,,,,,,,,,,,,,,,,,,,,,,,,,,,,,,,,,,,,,,Pick between two options about which was a more likely answer to a question that asked to explain why fashion trends were changing faster today in Jirev than in the past.
,,,,,,,,,,,,,,,,,,,,,,,,,,,,,,,,,,,,,,,,,,,,,,,,,,,,,,,,,,,,1,1,1,2,1,1,1,1,1,2,1,1,2,1,1,1,2,2,1,1,2,1,1,2,1,2,1,1,1,1,2,1,2,2,2,1,1,1,1,2,1,1,1,1,1,2,1,1,2,1,2,2,2,1,1,2,2,1,2,1,,,,,,,,,,,,,,,,,,,,,,,,,,,,,,,,,,,,,,,,,,,,,,,,,,,,,,,,,,,,,Chose between two options that explain the set system 
1,2,1,2,2,1,1,2,1,2,2,1,1,2,1,2,1,2,1,2,2,1,2,1,1,1,1,1,2,1,1,1,1,1,2,1,1,2,2,1,1,2,2,2,1,1,1,1,1,2,1,2,1,1,1,1,2,1,2,1,,,,,,,,,,,,,,,,,,,,,,,,,,,,,,,,,,,,,,,,,,,,,,,,,,,,,,,,,,,,,,,,,,,,,,,,,,,,,,,,,,,,,,,,,,,,,,,,,,,,,,,,,,,,,,,,,,,,,,,,,Choose the best explanation.
,,,,,,,,,,,,,,,,,,,,,,,,,,,,,,,,,,,,,,,,,,,,,,,,,,,,,,,,,,,,1,1,1,2,1,2,1,1,2,1,1,1,2,1,1,1,1,2,1,1,1,1,1,2,1,1,2,1,1,1,1,2,1,1,2,1,1,1,2,2,2,1,1,2,2,2,1,1,2,2,1,1,2,1,2,1,2,1,2,1,,,,,,,,,,,,,,,,,,,,,,,,,,,,,,,,,,,,,,,,,,,,,,,,,,,,,,,,,,,,,Evaluate pairs of explanations for the given scenario
,,,,,,,,,,,,,,,,,,,,,,,,,,,,,,,,,,,,,,,,,,,,,,,,,,,,,,,,,,,,,,,,,,,,,,,,,,,,,,,,,,,,,,,,,,,,,,,,,,,,,,,,,,,,,,,,,,,,,,,,1,1,2,2,2,1,1,2,1,1,2,1,1,2,1,1,1,1,2,1,1,1,1,1,2,1,1,1,2,1,1,1,2,1,1,2,1,1,1,1,1,1,2,1,1,1,1,1,1,2,1,2,1,1,1,1,2,1,1,1,Pick the best explanation for a story
1,2,2,1,1,1,1,1,1,1,1,2,1,2,1,1,1,1,2,2,2,1,2,1,2,1,2,2,1,1,2,1,1,2,1,1,1,2,1,1,1,1,2,2,1,2,1,1,2,1,1,1,1,2,2,1,2,1,2,1,,,,,,,,,,,,,,,,,,,,,,,,,,,,,,,,,,,,,,,,,,,,,,,,,,,,,,,,,,,,,,,,,,,,,,,,,,,,,,,,,,,,,,,,,,,,,,,,,,,,,,,,,,,,,,,,,,,,,,,,,Compare explanations and decide which one best answered the question
2,2,1,1,1,1,2,1,2,2,2,1,2,2,2,2,2,2,2,2,2,2,1,2,2,2,1,2,2,2,2,2,2,2,1,2,2,2,1,2,1,2,2,1,2,2,1,2,2,2,1,1,1,1,1,2,2,2,2,2,,,,,,,,,,,,,,,,,,,,,,,,,,,,,,,,,,,,,,,,,,,,,,,,,,,,,,,,,,,,,,,,,,,,,,,,,,,,,,,,,,,,,,,,,,,,,,,,,,,,,,,,,,,,,,,,,,,,,,,,,Evaluate which explanations for an event were better or more likely to be true
,,,,,,,,,,,,,,,,,,,,,,,,,,,,,,,,,,,,,,,,,,,,,,,,,,,,,,,,,,,,,,,,,,,,,,,,,,,,,,,,,,,,,,,,,,,,,,,,,,,,,,,,,,,,,,,,,,,,,,,,1,2,1,1,1,1,1,1,1,1,1,1,1,1,1,2,1,1,2,2,1,1,1,1,1,2,2,1,1,1,1,1,2,2,1,1,1,1,1,1,1,1,2,1,1,1,1,1,1,1,1,1,1,2,1,1,1,1,1,1,Select which of two given explanations for something was more logical or likely.
,,,,,,,,,,,,,,,,,,,,,,,,,,,,,,,,,,,,,,,,,,,,,,,,,,,,,,,,,,,,,,,,,,,,,,,,,,,,,,,,,,,,,,,,,,,,,,,,,,,,,,,,,,,,,,,,,,,,,,,,1,2,2,2,2,1,2,2,1,1,1,1,2,1,1,2,2,2,1,2,1,2,2,1,2,1,2,2,2,2,1,2,2,1,2,2,2,1,2,1,2,2,1,1,2,2,1,2,1,1,2,1,1,2,2,2,1,1,1,1,Choose between two explanations the good one
1,1,1,1,1,1,2,1,1,1,2,2,1,2,2,1,1,1,2,2,1,1,1,1,2,1,2,2,1,1,1,1,1,2,1,1,1,2,1,1,1,1,2,2,1,2,1,1,1,1,1,1,1,1,2,2,2,2,1,1,,,,,,,,,,,,,,,,,,,,,,,,,,,,,,,,,,,,,,,,,,,,,,,,,,,,,,,,,,,,,,,,,,,,,,,,,,,,,,,,,,,,,,,,,,,,,,,,,,,,,,,,,,,,,,,,,,,,,,,,,I was asked to choose between two different explanations behind a particular vignette.  
,,,,,,,,,,,,,,,,,,,,,,,,,,,,,,,,,,,,,,,,,,,,,,,,,,,,,,,,,,,,,,,,,,,,,,,,,,,,,,,,,,,,,,,,,,,,,,,,,,,,,,,,,,,,,,,,,,,,,,,,2,1,1,1,1,1,1,2,2,1,1,1,1,2,1,1,1,1,1,1,1,1,1,1,1,2,1,1,1,1,1,1,1,1,2,2,1,1,1,1,1,1,1,1,1,1,1,1,2,2,1,2,1,1,1,1,2,2,1,1,Decide which of two explanations was the most plausable for violence at a demonstration.
1,1,1,1,1,1,1,2,1,1,2,1,2,2,2,1,1,2,1,2,2,1,2,2,1,2,1,2,2,2,1,2,1,1,1,1,1,2,1,2,1,2,2,2,1,1,1,1,2,2,2,1,1,1,1,1,1,1,2,1,,,,,,,,,,,,,,,,,,,,,,,,,,,,,,,,,,,,,,,,,,,,,,,,,,,,,,,,,,,,,,,,,,,,,,,,,,,,,,,,,,,,,,,,,,,,,,,,,,,,,,,,,,,,,,,,,,,,,,,,,Decide which statement was better and more likely an answer to a question
1,1,1,2,1,1,1,1,1,1,2,1,1,1,1,1,2,1,1,1,1,1,1,2,2,1,2,1,2,1,2,1,1,2,1,1,2,1,1,1,1,1,2,1,1,2,1,1,1,2,1,1,1,1,1,1,1,1,1,1,,,,,,,,,,,,,,,,,,,,,,,,,,,,,,,,,,,,,,,,,,,,,,,,,,,,,,,,,,,,,,,,,,,,,,,,,,,,,,,,,,,,,,,,,,,,,,,,,,,,,,,,,,,,,,,,,,,,,,,,,Which was the better and more likely explanation for the question given in the scenario.
1,2,1,1,1,2,1,2,1,1,2,1,1,1,2,1,1,1,2,1,2,1,2,1,1,1,1,1,1,2,1,1,2,1,1,1,1,1,1,1,1,2,2,1,1,1,2,2,2,1,1,1,1,1,2,1,1,1,2,1,,,,,,,,,,,,,,,,,,,,,,,,,,,,,,,,,,,,,,,,,,,,,,,,,,,,,,,,,,,,,,,,,,,,,,,,,,,,,,,,,,,,,,,,,,,,,,,,,,,,,,,,,,,,,,,,,,,,,,,,,Decide which phrase or entry fit better.
,,,,,,,,,,,,,,,,,,,,,,,,,,,,,,,,,,,,,,,,,,,,,,,,,,,,,,,,,,,,1,1,2,1,1,2,1,1,1,1,1,2,2,1,1,1,1,2,1,1,2,2,2,1,1,1,2,1,1,2,1,1,2,1,2,1,1,1,2,2,2,2,1,1,1,2,1,1,2,2,1,2,2,1,2,1,1,2,1,2,,,,,,,,,,,,,,,,,,,,,,,,,,,,,,,,,,,,,,,,,,,,,,,,,,,,,,,,,,,,,Evaluate people's explanation by choosing the one we thought was better of 2 presented
1,2,1,1,1,1,2,1,1,1,1,1,1,2,2,1,1,2,1,2,2,1,1,2,2,1,1,1,1,2,1,1,1,1,2,1,1,2,1,2,2,2,1,2,1,2,1,2,1,1,1,1,1,1,1,1,1,2,1,1,,,,,,,,,,,,,,,,,,,,,,,,,,,,,,,,,,,,,,,,,,,,,,,,,,,,,,,,,,,,,,,,,,,,,,,,,,,,,,,,,,,,,,,,,,,,,,,,,,,,,,,,,,,,,,,,,,,,,,,,,To pick which explanation was more likely the cause of what had happened
,,,,,,,,,,,,,,,,,,,,,,,,,,,,,,,,,,,,,,,,,,,,,,,,,,,,,,,,,,,,1,2,2,2,2,1,1,2,2,1,1,1,2,1,1,1,2,2,1,1,1,2,1,1,1,1,1,2,2,1,2,1,2,1,1,1,1,1,2,2,1,1,2,1,2,2,1,2,2,2,2,2,1,1,1,1,1,1,1,1,,,,,,,,,,,,,,,,,,,,,,,,,,,,,,,,,,,,,,,,,,,,,,,,,,,,,,,,,,,,,To evaluate statements made by people about the role of social media in fashion.
,,,,,,,,,,,,,,,,,,,,,,,,,,,,,,,,,,,,,,,,,,,,,,,,,,,,,,,,,,,,1,2,2,2,1,2,1,1,1,1,1,1,1,1,1,1,2,2,1,1,2,2,1,1,1,1,1,1,2,1,1,1,2,1,2,1,2,1,1,1,2,1,1,2,1,1,1,1,2,1,1,1,1,1,1,1,2,2,1,1,,,,,,,,,,,,,,,,,,,,,,,,,,,,,,,,,,,,,,,,,,,,,,,,,,,,,,,,,,,,,"I was asked to read a paragraph about fashion trends increasing in Jarev since 2010, and then read and evaluate statements that others had submitted as explanations for the increase in fashion trends. I had to pick which statement was most likely and believable from a pair. "
,,,,,,,,,,,,,,,,,,,,,,,,,,,,,,,,,,,,,,,,,,,,,,,,,,,,,,,,,,,,1,1,1,2,1,2,1,1,1,1,1,1,1,1,1,1,1,1,2,1,2,1,1,2,1,1,1,1,1,1,1,1,2,1,2,1,1,1,1,1,1,2,1,1,1,1,1,1,2,1,1,2,1,1,1,1,1,1,1,1,,,,,,,,,,,,,,,,,,,,,,,,,,,,,,,,,,,,,,,,,,,,,,,,,,,,,,,,,,,,,To choose which explanation is better.
1,2,2,1,1,2,2,2,2,1,2,2,2,2,2,1,1,2,1,2,2,1,1,2,2,2,2,2,2,2,2,2,2,2,1,1,1,2,1,2,2,2,2,1,1,2,2,2,1,1,2,2,1,1,2,2,2,2,2,1,,,,,,,,,,,,,,,,,,,,,,,,,,,,,,,,,,,,,,,,,,,,,,,,,,,,,,,,,,,,,,,,,,,,,,,,,,,,,,,,,,,,,,,,,,,,,,,,,,,,,,,,,,,,,,,,,,,,,,,,,To choose between two answers that I thought made the most sense.
1,1,1,2,1,1,1,1,1,1,2,2,1,1,1,1,2,1,2,1,1,1,2,1,1,1,2,2,1,1,1,2,1,1,1,1,1,1,2,2,2,1,2,1,1,1,2,2,1,2,1,1,1,1,1,2,2,1,1,1,,,,,,,,,,,,,,,,,,,,,,,,,,,,,,,,,,,,,,,,,,,,,,,,,,,,,,,,,,,,,,,,,,,,,,,,,,,,,,,,,,,,,,,,,,,,,,,,,,,,,,,,,,,,,,,,,,,,,,,,,"Read a situation and then choose explanations for it - choosing between two choices, we chose the one mostly likely to happen"
,,,,,,,,,,,,,,,,,,,,,,,,,,,,,,,,,,,,,,,,,,,,,,,,,,,,,,,,,,,,1,2,1,2,1,2,2,2,2,2,2,1,2,1,1,2,1,2,2,1,2,2,2,2,2,2,2,2,1,1,1,1,2,1,2,1,1,1,1,2,1,2,2,1,2,1,2,1,2,1,2,2,2,2,2,1,2,2,2,1,,,,,,,,,,,,,,,,,,,,,,,,,,,,,,,,,,,,,,,,,,,,,,,,,,,,,,,,,,,,,Read about clothing consumption and then choose which answer made more sense in explaining the scenario
,,,,,,,,,,,,,,,,,,,,,,,,,,,,,,,,,,,,,,,,,,,,,,,,,,,,,,,,,,,,1,2,1,2,1,2,1,2,1,1,2,1,2,1,1,2,1,2,1,1,2,2,1,1,2,1,1,1,1,1,2,1,2,1,2,2,2,1,2,1,2,2,2,2,2,2,2,2,2,1,1,2,1,2,2,1,2,2,2,1,,,,,,,,,,,,,,,,,,,,,,,,,,,,,,,,,,,,,,,,,,,,,,,,,,,,,,,,,,,,,Decide which reason was more likely
,,,,,,,,,,,,,,,,,,,,,,,,,,,,,,,,,,,,,,,,,,,,,,,,,,,,,,,,,,,,1,2,1,2,1,2,2,2,1,2,2,2,2,2,1,2,2,2,1,2,1,2,2,2,2,2,1,2,1,1,2,1,2,2,2,2,1,1,2,2,2,2,2,2,1,2,2,2,1,1,1,2,1,2,2,2,2,2,2,1,,,,,,,,,,,,,,,,,,,,,,,,,,,,,,,,,,,,,,,,,,,,,,,,,,,,,,,,,,,,,Judge the responses to why their has been a change in fashion cycles
,,,,,,,,,,,,,,,,,,,,,,,,,,,,,,,,,,,,,,,,,,,,,,,,,,,,,,,,,,,,1,1,2,1,1,2,1,2,1,1,1,2,2,1,1,2,1,2,2,1,1,2,2,2,2,1,1,1,1,2,1,2,2,2,2,1,1,1,1,2,2,1,1,1,2,2,1,1,2,1,1,2,1,2,2,2,2,1,1,1,,,,,,,,,,,,,,,,,,,,,,,,,,,,,,,,,,,,,,,,,,,,,,,,,,,,,,,,,,,,,chose between two explanations for fashion trends
1,2,2,1,1,1,2,2,1,2,2,1,2,2,2,2,2,1,2,2,2,1,1,1,2,2,2,2,1,2,2,1,1,2,2,1,2,2,1,2,1,2,1,2,2,1,2,2,2,2,1,2,2,2,1,2,2,2,2,1,,,,,,,,,,,,,,,,,,,,,,,,,,,,,,,,,,,,,,,,,,,,,,,,,,,,,,,,,,,,,,,,,,,,,,,,,,,,,,,,,,,,,,,,,,,,,,,,,,,,,,,,,,,,,,,,,,,,,,,,,Read a scenario and pick the most likely to be correct explanation of a question related to the scenario
,,,,,,,,,,,,,,,,,,,,,,,,,,,,,,,,,,,,,,,,,,,,,,,,,,,,,,,,,,,,,,,,,,,,,,,,,,,,,,,,,,,,,,,,,,,,,,,,,,,,,,,,,,,,,,,,,,,,,,,,1,1,1,1,2,1,1,1,1,1,1,1,1,1,1,1,1,1,1,2,1,1,1,1,1,1,1,1,1,1,1,1,2,1,1,2,1,1,1,1,1,1,1,1,1,1,1,1,2,1,1,1,1,1,1,1,1,2,1,1,Choose which of the two explanations from previous survey takers opinions were more likely to be the cause of the violence.
,,,,,,,,,,,,,,,,,,,,,,,,,,,,,,,,,,,,,,,,,,,,,,,,,,,,,,,,,,,,2,2,2,2,2,2,2,1,1,2,2,1,2,1,2,2,2,1,2,1,1,2,2,1,2,1,1,1,2,1,2,1,2,2,1,1,2,1,1,1,1,2,2,2,2,2,2,1,2,2,2,2,2,2,1,1,1,2,2,1,,,,,,,,,,,,,,,,,,,,,,,,,,,,,,,,,,,,,,,,,,,,,,,,,,,,,,,,,,,,,"With the same vignette about increased output of fashion trends in Jirev, I had to determine between two explanations which one was better. This was repeated many times. "
,,,,,,,,,,,,,,,,,,,,,,,,,,,,,,,,,,,,,,,,,,,,,,,,,,,,,,,,,,,,,,,,,,,,,,,,,,,,,,,,,,,,,,,,,,,,,,,,,,,,,,,,,,,,,,,,,,,,,,,,1,1,1,1,1,1,1,1,2,2,1,1,1,1,1,2,1,1,1,2,1,1,1,1,1,2,1,1,1,1,1,2,2,2,1,2,1,1,1,1,1,2,1,1,1,1,1,1,2,2,1,2,1,1,2,1,1,2,1,1,I was asked to read a vignette and then pick the most likely reason the crowd turned violent.
,,,,,,,,,,,,,,,,,,,,,,,,,,,,,,,,,,,,,,,,,,,,,,,,,,,,,,,,,,,,,,,,,,,,,,,,,,,,,,,,,,,,,,,,,,,,,,,,,,,,,,,,,,,,,,,,,,,,,,,,2,1,1,1,2,1,1,1,1,1,1,1,1,2,1,1,1,1,1,2,1,2,1,1,2,1,1,1,1,1,1,1,2,1,1,2,1,1,1,1,1,1,1,1,1,1,1,1,2,1,1,2,1,1,1,1,1,1,1,1,Read a scenario and choose an explanation of what happened based on different descriptions
,,,,,,,,,,,,,,,,,,,,,,,,,,,,,,,,,,,,,,,,,,,,,,,,,,,,,,,,,,,,1,1,1,2,1,2,1,2,2,1,1,1,2,1,1,1,1,1,1,2,2,2,2,2,1,1,2,1,1,1,2,1,2,2,2,1,1,1,2,2,2,1,1,2,2,1,2,1,2,2,1,1,2,1,1,2,1,1,1,1,,,,,,,,,,,,,,,,,,,,,,,,,,,,,,,,,,,,,,,,,,,,,,,,,,,,,,,,,,,,,I was asked to choose which explanation was more likely between two choices
1,2,1,2,1,1,2,2,1,2,2,1,1,2,2,2,1,1,2,2,2,1,2,2,2,2,2,2,1,2,2,1,1,2,1,1,2,2,1,2,2,2,2,1,1,2,2,2,2,1,2,1,1,1,2,2,2,2,2,1,,,,,,,,,,,,,,,,,,,,,,,,,,,,,,,,,,,,,,,,,,,,,,,,,,,,,,,,,,,,,,,,,,,,,,,,,,,,,,,,,,,,,,,,,,,,,,,,,,,,,,,,,,,,,,,,,,,,,,,,,"Read a vignette about a small group of people with strong, controversial opinions, who are posting on social media and gaining more attention than their numbers would seem to justify. We read pairs of proposed reasons why this may be occurring and chose the reason from each pair we found most likely."
,,,,,,,,,,,,,,,,,,,,,,,,,,,,,,,,,,,,,,,,,,,,,,,,,,,,,,,,,,,,2,2,2,1,1,1,1,2,2,1,1,1,2,1,1,1,1,2,1,1,1,2,2,2,2,1,1,1,2,1,2,1,2,1,2,2,2,2,1,2,2,1,1,2,2,1,1,1,2,1,1,1,2,2,1,1,2,1,2,2,,,,,,,,,,,,,,,,,,,,,,,,,,,,,,,,,,,,,,,,,,,,,,,,,,,,,,,,,,,,,Evaluate the better response of two responses to a question 
,,,,,,,,,,,,,,,,,,,,,,,,,,,,,,,,,,,,,,,,,,,,,,,,,,,,,,,,,,,,1,1,1,2,1,2,2,2,1,1,2,1,2,1,1,1,2,2,2,2,2,2,2,2,1,1,2,2,1,2,1,1,2,2,2,2,1,1,1,2,2,1,1,1,2,2,2,2,2,2,1,2,1,2,1,2,1,2,2,2,,,,,,,,,,,,,,,,,,,,,,,,,,,,,,,,,,,,,,,,,,,,,,,,,,,,,,,,,,,,,"From two reasons given, I was asked to choose which one was a better explanation/more likely to be true to explain why people in a fictional place change out their clothes more often than once per season, as they used to do."
1,2,1,1,1,1,2,2,2,1,2,1,2,2,2,2,1,1,2,1,1,1,1,1,1,2,2,2,1,2,2,2,1,2,1,1,2,2,1,1,2,2,2,1,2,2,2,1,2,2,1,1,1,1,2,2,2,2,2,2,,,,,,,,,,,,,,,,,,,,,,,,,,,,,,,,,,,,,,,,,,,,,,,,,,,,,,,,,,,,,,,,,,,,,,,,,,,,,,,,,,,,,,,,,,,,,,,,,,,,,,,,,,,,,,,,,,,,,,,,,"Read many answers to a question that was asked, two at a time, and choose which seems best."
,,,,,,,,,,,,,,,,,,,,,,,,,,,,,,,,,,,,,,,,,,,,,,,,,,,,,,,,,,,,1,2,1,1,1,2,2,2,2,2,1,1,1,1,1,2,2,1,1,1,1,2,1,2,1,2,1,1,1,1,2,1,2,1,1,1,1,1,1,2,2,1,1,1,2,2,2,1,2,2,1,1,2,1,1,1,1,1,2,2,,,,,,,,,,,,,,,,,,,,,,,,,,,,,,,,,,,,,,,,,,,,,,,,,,,,,,,,,,,,,What would likely drive turnover of wardrobes faster now than ever before
,,,,,,,,,,,,,,,,,,,,,,,,,,,,,,,,,,,,,,,,,,,,,,,,,,,,,,,,,,,,,,,,,,,,,,,,,,,,,,,,,,,,,,,,,,,,,,,,,,,,,,,,,,,,,,,,,,,,,,,,1,2,2,1,1,1,1,2,1,1,1,1,1,1,1,1,1,1,2,1,1,1,1,1,1,2,1,1,1,1,1,2,2,1,1,1,1,1,1,1,1,1,1,1,2,1,1,1,2,1,1,1,1,1,2,1,1,2,1,1,"Read a scenario, and two possible explanations. Then I chose what I thought was the best explanation out of each pair."
1,1,2,1,1,1,2,2,1,1,1,1,1,1,2,1,2,2,2,2,1,1,2,2,2,2,2,2,2,2,2,1,1,2,1,1,1,1,2,1,1,1,2,2,1,2,2,1,2,2,1,1,1,1,1,2,2,2,2,1,,,,,,,,,,,,,,,,,,,,,,,,,,,,,,,,,,,,,,,,,,,,,,,,,,,,,,,,,,,,,,,,,,,,,,,,,,,,,,,,,,,,,,,,,,,,,,,,,,,,,,,,,,,,,,,,,,,,,,,,,Evaluate a vingrrette about social movement in Gridland
,,,,,,,,,,,,,,,,,,,,,,,,,,,,,,,,,,,,,,,,,,,,,,,,,,,,,,,,,,,,1,1,1,2,1,2,1,1,1,1,1,1,2,1,1,1,1,2,1,1,2,2,1,1,2,1,2,2,1,1,1,1,2,1,1,1,1,1,1,2,2,1,1,1,1,2,2,1,2,1,1,1,1,1,2,2,2,2,2,1,,,,,,,,,,,,,,,,,,,,,,,,,,,,,,,,,,,,,,,,,,,,,,,,,,,,,,,,,,,,,Given two possible explanations for a scenario answer which is more likely to be the cause/reasoning.
1,1,1,2,2,2,2,2,1,1,2,1,1,2,2,1,1,1,2,2,2,1,2,1,1,1,2,1,1,2,1,1,2,2,1,1,1,1,1,1,2,2,1,2,1,1,2,1,2,2,2,2,2,1,2,1,1,1,2,2,,,,,,,,,,,,,,,,,,,,,,,,,,,,,,,,,,,,,,,,,,,,,,,,,,,,,,,,,,,,,,,,,,,,,,,,,,,,,,,,,,,,,,,,,,,,,,,,,,,,,,,,,,,,,,,,,,,,,,,,,To pick which statement is most likely given the scenario
,,,,,,,,,,,,,,,,,,,,,,,,,,,,,,,,,,,,,,,,,,,,,,,,,,,,,,,,,,,,,,,,,,,,,,,,,,,,,,,,,,,,,,,,,,,,,,,,,,,,,,,,,,,,,,,,,,,,,,,,1,1,1,1,1,1,1,1,1,1,1,1,1,1,1,1,2,1,1,2,1,1,1,1,1,1,1,1,1,1,1,1,1,1,1,2,1,1,1,1,1,1,1,1,1,1,1,1,2,1,1,2,1,1,2,1,1,1,1,1,Read 2 explanations for a why a protest turned violent and to pick the one that is the most likely
,,,,,,,,,,,,,,,,,,,,,,,,,,,,,,,,,,,,,,,,,,,,,,,,,,,,,,,,,,,,,,,,,,,,,,,,,,,,,,,,,,,,,,,,,,,,,,,,,,,,,,,,,,,,,,,,,,,,,,,,1,1,1,1,2,1,1,1,1,1,1,1,1,1,1,1,1,1,1,1,1,1,1,1,1,1,2,1,1,1,1,1,1,1,1,2,1,2,1,1,1,1,1,1,1,1,2,1,1,1,1,2,1,1,1,1,2,1,1,1,Choose which of two outcomes were more likely given the scenario.
1,2,2,2,1,1,1,2,1,2,2,1,1,2,2,1,1,2,2,2,1,1,2,2,2,2,2,2,2,2,1,2,1,1,2,1,2,2,1,2,1,2,2,2,1,1,2,1,2,1,2,2,2,2,2,1,2,2,2,2,,,,,,,,,,,,,,,,,,,,,,,,,,,,,,,,,,,,,,,,,,,,,,,,,,,,,,,,,,,,,,,,,,,,,,,,,,,,,,,,,,,,,,,,,,,,,,,,,,,,,,,,,,,,,,,,,,,,,,,,,I was asked which of the two provided answers to to the prompt seemed more likely.
1,1,1,1,1,1,2,1,1,1,2,1,1,1,1,2,1,2,1,1,2,1,1,1,1,2,2,2,2,2,2,2,2,2,1,1,1,1,1,2,2,2,2,1,1,1,2,2,2,1,2,2,1,1,1,2,1,1,2,1,,,,,,,,,,,,,,,,,,,,,,,,,,,,,,,,,,,,,,,,,,,,,,,,,,,,,,,,,,,,,,,,,,,,,,,,,,,,,,,,,,,,,,,,,,,,,,,,,,,,,,,,,,,,,,,,,,,,,,,,,choose which best describes why things are happening in that example and the motivation
1,1,1,1,1,2,2,1,1,1,1,1,1,1,1,1,1,2,1,1,1,1,1,1,2,1,1,2,1,2,1,1,1,2,2,1,1,1,1,1,1,2,1,1,1,1,2,2,1,1,1,1,1,1,1,1,1,1,2,1,,,,,,,,,,,,,,,,,,,,,,,,,,,,,,,,,,,,,,,,,,,,,,,,,,,,,,,,,,,,,,,,,,,,,,,,,,,,,,,,,,,,,,,,,,,,,,,,,,,,,,,,,,,,,,,,,,,,,,,,,I was asked to read a blurb and understand it in my own way. Then I was presented with several pairs of other interpretations and I had to what I believed was closest to what was said in the blurb.
,,,,,,,,,,,,,,,,,,,,,,,,,,,,,,,,,,,,,,,,,,,,,,,,,,,,,,,,,,,,1,1,2,2,1,2,1,2,1,1,1,1,2,1,1,1,2,2,2,1,2,1,1,2,2,2,1,1,1,1,2,2,2,1,1,1,1,1,2,2,1,2,1,2,1,2,2,2,1,2,1,2,2,1,1,1,1,1,2,1,,,,,,,,,,,,,,,,,,,,,,,,,,,,,,,,,,,,,,,,,,,,,,,,,,,,,,,,,,,,,Determine which description was more accurate of the situation described in the vignette. 
,,,,,,,,,,,,,,,,,,,,,,,,,,,,,,,,,,,,,,,,,,,,,,,,,,,,,,,,,,,,1,2,1,1,1,2,2,2,1,2,1,1,2,1,1,1,1,1,2,2,1,1,2,1,2,1,2,1,1,1,2,2,2,1,1,1,1,1,2,2,1,2,1,1,1,2,1,2,1,2,2,1,1,1,2,1,1,2,2,1,,,,,,,,,,,,,,,,,,,,,,,,,,,,,,,,,,,,,,,,,,,,,,,,,,,,,,,,,,,,,pick one of two choices that best descires a vignette
,,,,,,,,,,,,,,,,,,,,,,,,,,,,,,,,,,,,,,,,,,,,,,,,,,,,,,,,,,,,,,,,,,,,,,,,,,,,,,,,,,,,,,,,,,,,,,,,,,,,,,,,,,,,,,,,,,,,,,,,1,1,1,1,1,1,1,2,2,1,1,1,1,2,1,1,1,1,1,1,1,1,1,1,1,2,1,1,1,1,1,1,2,1,1,2,1,1,1,1,1,2,1,1,2,1,1,1,2,2,1,2,1,2,1,2,2,1,1,2,choose the most likey cause of a scenario during a protest
,,,,,,,,,,,,,,,,,,,,,,,,,,,,,,,,,,,,,,,,,,,,,,,,,,,,,,,,,,,,1,1,1,2,1,2,1,2,1,1,1,1,2,2,1,1,1,1,2,2,2,2,1,2,2,1,1,1,1,1,1,1,2,1,2,2,1,1,1,2,2,2,1,1,1,2,2,2,2,1,1,2,1,1,1,1,2,1,1,1,,,,,,,,,,,,,,,,,,,,,,,,,,,,,,,,,,,,,,,,,,,,,,,,,,,,,,,,,,,,,Pick the best explanation for an event
,,,,,,,,,,,,,,,,,,,,,,,,,,,,,,,,,,,,,,,,,,,,,,,,,,,,,,,,,,,,1,1,1,2,1,2,1,2,2,1,2,1,2,1,1,1,1,2,2,1,1,1,2,1,1,1,2,1,1,1,2,1,2,1,1,2,1,2,2,2,2,1,1,1,1,2,1,2,2,1,1,1,1,1,1,2,2,2,2,1,,,,,,,,,,,,,,,,,,,,,,,,,,,,,,,,,,,,,,,,,,,,,,,,,,,,,,,,,,,,,I was asked to choose which explanation was more likely for a scenario. 
1,2,1,1,1,1,1,2,1,1,2,1,1,2,2,1,1,2,2,2,1,1,1,1,2,2,1,2,1,1,2,2,2,1,2,1,2,2,1,2,1,2,1,1,1,1,2,2,2,1,1,1,1,1,2,1,2,2,1,2,,,,,,,,,,,,,,,,,,,,,,,,,,,,,,,,,,,,,,,,,,,,,,,,,,,,,,,,,,,,,,,,,,,,,,,,,,,,,,,,,,,,,,,,,,,,,,,,,,,,,,,,,,,,,,,,,,,,,,,,,To evaluate two statments and pick which one is a better explanation for the scnerio that was presented.
,,,,,,,,,,,,,,,,,,,,,,,,,,,,,,,,,,,,,,,,,,,,,,,,,,,,,,,,,,,,1,2,1,2,1,1,1,1,1,1,2,1,2,1,1,1,1,2,2,1,1,2,2,2,1,1,1,1,2,1,2,1,2,2,1,1,1,1,1,2,1,1,2,1,2,2,2,1,2,1,1,1,2,1,2,2,2,2,2,2,,,,,,,,,,,,,,,,,,,,,,,,,,,,,,,,,,,,,,,,,,,,,,,,,,,,,,,,,,,,,answer which of the two explainations were more likely to be ture.
1,2,1,1,1,1,2,2,1,1,2,1,1,2,2,1,1,1,2,2,1,1,1,2,2,1,2,2,1,2,2,1,1,2,1,2,2,2,2,2,1,2,2,2,1,2,2,2,1,2,1,1,1,1,1,2,2,1,1,2,,,,,,,,,,,,,,,,,,,,,,,,,,,,,,,,,,,,,,,,,,,,,,,,,,,,,,,,,,,,,,,,,,,,,,,,,,,,,,,,,,,,,,,,,,,,,,,,,,,,,,,,,,,,,,,,,,,,,,,,,Choose between two scenarios relating to a vignette based on which we felt was more likely. 
1,1,2,2,1,1,2,1,1,1,2,1,1,1,1,1,2,1,2,2,1,1,1,2,1,2,2,1,2,2,1,1,1,2,2,2,1,1,2,2,1,2,1,1,1,1,1,1,2,1,1,1,2,1,2,1,1,2,2,1,,,,,,,,,,,,,,,,,,,,,,,,,,,,,,,,,,,,,,,,,,,,,,,,,,,,,,,,,,,,,,,,,,,,,,,,,,,,,,,,,,,,,,,,,,,,,,,,,,,,,,,,,,,,,,,,,,,,,,,,,I was asked to explain varying user explanations of the same vignette
,,,,,,,,,,,,,,,,,,,,,,,,,,,,,,,,,,,,,,,,,,,,,,,,,,,,,,,,,,,,1,2,2,2,1,2,2,2,1,1,2,1,2,1,1,2,1,2,2,2,2,2,2,2,2,1,2,2,2,2,2,1,2,2,2,1,1,1,2,2,1,2,1,1,2,2,2,2,2,2,2,2,2,1,2,2,2,2,2,2,,,,,,,,,,,,,,,,,,,,,,,,,,,,,,,,,,,,,,,,,,,,,,,,,,,,,,,,,,,,,I was asked to pick the best explanation for a fashion scenario.
,,,,,,,,,,,,,,,,,,,,,,,,,,,,,,,,,,,,,,,,,,,,,,,,,,,,,,,,,,,,2,2,1,2,2,2,2,2,2,1,2,2,2,2,2,2,2,2,2,1,1,1,2,1,2,2,2,2,2,1,2,1,2,2,2,2,2,2,2,2,2,2,2,1,2,2,2,2,2,2,1,1,2,2,2,2,2,2,2,1,,,,,,,,,,,,,,,,,,,,,,,,,,,,,,,,,,,,,,,,,,,,,,,,,,,,,,,,,,,,,I was asked to read explanations for a phenomenon written by others and select the explanation that was better and more likely.
2,2,1,1,1,1,1,1,1,1,2,1,2,2,1,1,1,2,1,2,1,2,2,2,1,2,2,1,2,1,2,1,1,2,1,1,2,2,2,2,1,2,2,2,1,1,2,2,1,2,1,1,2,1,2,1,2,1,1,2,,,,,,,,,,,,,,,,,,,,,,,,,,,,,,,,,,,,,,,,,,,,,,,,,,,,,,,,,,,,,,,,,,,,,,,,,,,,,,,,,,,,,,,,,,,,,,,,,,,,,,,,,,,,,,,,,,,,,,,,,To say which explanation was more convincing.
1,1,1,2,2,1,1,1,1,2,1,2,1,2,1,1,2,1,1,2,2,2,2,1,2,1,2,1,2,1,1,1,2,2,1,2,2,2,2,1,2,1,1,1,1,1,1,2,1,2,1,1,2,1,1,2,2,1,2,1,,,,,,,,,,,,,,,,,,,,,,,,,,,,,,,,,,,,,,,,,,,,,,,,,,,,,,,,,,,,,,,,,,,,,,,,,,,,,,,,,,,,,,,,,,,,,,,,,,,,,,,,,,,,,,,,,,,,,,,,,Rate which statement was better between the 2 opinions
1,2,1,2,1,2,2,2,2,2,2,1,1,2,2,2,1,2,2,2,2,1,2,2,2,2,2,2,2,2,2,1,1,2,2,2,1,2,1,2,2,2,1,2,2,2,2,2,2,2,2,2,2,2,2,2,2,2,2,2,,,,,,,,,,,,,,,,,,,,,,,,,,,,,,,,,,,,,,,,,,,,,,,,,,,,,,,,,,,,,,,,,,,,,,,,,,,,,,,,,,,,,,,,,,,,,,,,,,,,,,,,,,,,,,,,,,,,,,,,,Decide which explanation was more likely.
,,,,,,,,,,,,,,,,,,,,,,,,,,,,,,,,,,,,,,,,,,,,,,,,,,,,,,,,,,,,1,2,1,2,2,2,2,2,2,2,2,1,2,2,2,2,2,2,2,2,1,2,2,2,2,2,2,2,2,2,2,2,2,2,2,2,2,1,2,1,2,2,2,2,2,2,2,2,1,2,2,2,2,2,2,2,2,2,2,2,,,,,,,,,,,,,,,,,,,,,,,,,,,,,,,,,,,,,,,,,,,,,,,,,,,,,,,,,,,,,"I was asked to read a vignette describing a phenomenon, read pairs of explanations for the phenomenon and pick the likelier explanation for each pair"
1,2,2,1,1,1,2,1,1,2,2,2,1,1,1,1,1,2,1,1,1,1,2,1,1,2,2,2,1,1,1,1,1,2,1,1,2,2,2,1,1,2,2,2,1,2,2,1,2,2,2,1,2,2,1,1,1,1,1,2,,,,,,,,,,,,,,,,,,,,,,,,,,,,,,,,,,,,,,,,,,,,,,,,,,,,,,,,,,,,,,,,,,,,,,,,,,,,,,,,,,,,,,,,,,,,,,,,,,,,,,,,,,,,,,,,,,,,,,,,,Ask to select one of two options that best relate to the vignette. 
1,1,1,1,1,1,1,1,1,1,2,1,1,1,1,1,1,1,1,1,1,1,2,1,1,1,2,1,1,1,1,1,1,1,1,1,1,1,1,1,1,1,2,1,1,2,1,1,1,1,1,1,1,1,1,1,1,1,2,1,,,,,,,,,,,,,,,,,,,,,,,,,,,,,,,,,,,,,,,,,,,,,,,,,,,,,,,,,,,,,,,,,,,,,,,,,,,,,,,,,,,,,,,,,,,,,,,,,,,,,,,,,,,,,,,,,,,,,,,,,"I read about a situation and then saw matched pairs of explanations for that situation, picking whichever one I felt best explained the situation."
,,,,,,,,,,,,,,,,,,,,,,,,,,,,,,,,,,,,,,,,,,,,,,,,,,,,,,,,,,,,1,2,1,2,2,2,1,2,2,1,2,1,2,1,1,1,2,2,2,2,1,2,2,1,2,2,1,2,1,1,1,1,2,1,2,2,1,1,2,1,2,2,1,2,1,1,2,1,2,2,1,2,2,1,2,1,1,2,2,2,,,,,,,,,,,,,,,,,,,,,,,,,,,,,,,,,,,,,,,,,,,,,,,,,,,,,,,,,,,,,"Read fictional vignettes, and then evaluate 60 different explanation-pairs for what led to that situation"
,,,,,,,,,,,,,,,,,,,,,,,,,,,,,,,,,,,,,,,,,,,,,,,,,,,,,,,,,,,,1,1,1,1,1,2,1,1,1,2,1,1,2,1,1,1,1,2,1,1,2,2,2,1,1,1,1,1,1,1,1,2,2,1,1,1,1,1,2,2,1,1,1,1,1,1,1,1,2,2,1,1,2,1,1,1,1,1,1,2,,,,,,,,,,,,,,,,,,,,,,,,,,,,,,,,,,,,,,,,,,,,,,,,,,,,,,,,,,,,,Decide which explanation of a pair was more likely.
,,,,,,,,,,,,,,,,,,,,,,,,,,,,,,,,,,,,,,,,,,,,,,,,,,,,,,,,,,,,1,2,1,2,2,2,2,1,1,1,2,1,2,1,1,1,1,2,2,1,1,2,2,2,1,2,1,2,2,1,1,2,2,2,2,1,1,1,1,2,2,2,2,1,2,1,2,2,2,2,1,2,1,1,2,2,2,2,2,1,,,,,,,,,,,,,,,,,,,,,,,,,,,,,,,,,,,,,,,,,,,,,,,,,,,,,,,,,,,,,Choose the likely reason for fast changing trends in fashion
,,,,,,,,,,,,,,,,,,,,,,,,,,,,,,,,,,,,,,,,,,,,,,,,,,,,,,,,,,,,,,,,,,,,,,,,,,,,,,,,,,,,,,,,,,,,,,,,,,,,,,,,,,,,,,,,,,,,,,,,2,1,1,2,2,1,2,1,2,1,2,1,1,2,1,1,2,1,1,1,1,1,1,1,1,1,2,1,2,2,1,1,1,1,1,1,1,2,2,1,2,2,1,1,1,1,1,2,2,2,1,2,1,1,2,1,2,1,1,1,Pick the best and most likely explanation (out of two options) for why a worker's protest turned violent.
,,,,,,,,,,,,,,,,,,,,,,,,,,,,,,,,,,,,,,,,,,,,,,,,,,,,,,,,,,,,1,2,1,2,2,1,2,2,1,1,2,1,2,1,2,2,2,2,1,1,2,2,2,2,2,1,2,2,1,1,2,1,2,2,1,2,2,1,1,1,2,2,2,2,1,2,1,2,1,1,1,2,1,2,2,2,2,2,2,2,,,,,,,,,,,,,,,,,,,,,,,,,,,,,,,,,,,,,,,,,,,,,,,,,,,,,,,,,,,,,Choose between two ideas as to what influenced frequent fashion changes.
,,,,,,,,,,,,,,,,,,,,,,,,,,,,,,,,,,,,,,,,,,,,,,,,,,,,,,,,,,,,1,1,1,2,1,2,1,1,1,2,1,1,2,1,1,1,1,1,1,1,1,1,2,2,1,1,1,1,1,1,1,1,2,1,1,1,1,1,1,2,2,1,1,2,1,1,2,1,2,2,2,2,1,1,1,1,1,1,2,2,,,,,,,,,,,,,,,,,,,,,,,,,,,,,,,,,,,,,,,,,,,,,,,,,,,,,,,,,,,,,reading two explanations of the vignette and choosing the best one.
,,,,,,,,,,,,,,,,,,,,,,,,,,,,,,,,,,,,,,,,,,,,,,,,,,,,,,,,,,,,,,,,,,,,,,,,,,,,,,,,,,,,,,,,,,,,,,,,,,,,,,,,,,,,,,,,,,,,,,,,1,1,1,1,2,1,2,1,1,1,1,1,1,1,1,2,2,1,1,1,1,1,1,1,1,1,1,1,1,2,1,1,2,1,1,2,1,1,1,1,1,2,2,1,1,1,1,1,2,1,1,2,1,1,1,1,1,1,1,2,I was asked to choose between pairs of explanations for an event that occurred. 
1,1,2,2,1,2,2,1,1,1,1,1,1,2,2,1,1,1,1,1,1,1,1,1,1,2,1,2,2,1,1,1,1,2,1,1,1,1,1,1,2,1,1,2,1,1,2,1,1,1,1,1,1,1,2,1,2,1,2,2,,,,,,,,,,,,,,,,,,,,,,,,,,,,,,,,,,,,,,,,,,,,,,,,,,,,,,,,,,,,,,,,,,,,,,,,,,,,,,,,,,,,,,,,,,,,,,,,,,,,,,,,,,,,,,,,,,,,,,,,,I was asked to compare to explanations and choose which one made the most sense.
1,2,1,1,1,1,1,1,1,1,1,2,1,1,1,1,1,1,1,1,1,1,1,2,2,1,2,1,1,1,1,1,1,1,1,1,1,1,2,1,1,2,1,1,1,1,1,1,2,1,1,1,1,1,1,1,1,1,1,1,,,,,,,,,,,,,,,,,,,,,,,,,,,,,,,,,,,,,,,,,,,,,,,,,,,,,,,,,,,,,,,,,,,,,,,,,,,,,,,,,,,,,,,,,,,,,,,,,,,,,,,,,,,,,,,,,,,,,,,,,Decide between options of what was more likely regarding social media in a made up place
1,2,2,1,1,1,2,1,1,1,1,1,1,2,1,1,2,1,2,2,2,2,1,2,2,1,2,2,1,2,2,1,1,2,1,2,2,2,1,2,2,2,2,1,1,2,2,1,2,1,2,1,1,1,1,2,1,1,2,1,,,,,,,,,,,,,,,,,,,,,,,,,,,,,,,,,,,,,,,,,,,,,,,,,,,,,,,,,,,,,,,,,,,,,,,,,,,,,,,,,,,,,,,,,,,,,,,,,,,,,,,,,,,,,,,,,,,,,,,,,"I was asked to choose which of two explanations was more likely, regarding a fictional scenario."
,,,,,,,,,,,,,,,,,,,,,,,,,,,,,,,,,,,,,,,,,,,,,,,,,,,,,,,,,,,,1,1,1,2,1,1,1,1,1,2,1,2,1,1,1,1,1,1,1,1,2,1,1,2,1,1,1,1,1,1,1,1,2,1,2,1,1,1,1,2,1,1,1,1,1,1,1,1,2,1,1,2,1,1,1,1,1,1,1,1,,,,,,,,,,,,,,,,,,,,,,,,,,,,,,,,,,,,,,,,,,,,,,,,,,,,,,,,,,,,,Chose which reason was more likely. 
1,1,2,1,1,2,1,1,1,1,1,1,1,2,1,1,1,1,2,1,2,1,2,2,2,2,2,2,2,1,2,1,1,1,1,1,1,2,1,2,1,1,2,2,1,1,2,1,1,1,1,2,2,1,1,1,1,2,2,1,,,,,,,,,,,,,,,,,,,,,,,,,,,,,,,,,,,,,,,,,,,,,,,,,,,,,,,,,,,,,,,,,,,,,,,,,,,,,,,,,,,,,,,,,,,,,,,,,,,,,,,,,,,,,,,,,,,,,,,,,Pick the reasoning behind why social media was influencing the spread of ideas 
,,,,,,,,,,,,,,,,,,,,,,,,,,,,,,,,,,,,,,,,,,,,,,,,,,,,,,,,,,,,1,2,2,1,1,2,1,1,2,1,2,2,2,1,1,1,2,2,1,2,2,1,2,1,1,1,2,1,1,2,1,1,2,1,2,1,1,1,2,2,1,1,1,1,2,1,1,1,2,2,1,2,1,1,1,1,1,1,2,1,,,,,,,,,,,,,,,,,,,,,,,,,,,,,,,,,,,,,,,,,,,,,,,,,,,,,,,,,,,,,Which choice is more likely to be the reason clothes is Jirev are trending faster and faster.
1,1,1,1,1,1,1,1,1,1,1,1,1,2,2,1,1,1,1,1,1,1,1,1,1,1,2,1,1,1,1,1,1,2,1,1,1,1,1,1,1,1,1,2,1,1,2,1,1,1,1,1,1,1,1,1,1,1,2,1,,,,,,,,,,,,,,,,,,,,,,,,,,,,,,,,,,,,,,,,,,,,,,,,,,,,,,,,,,,,,,,,,,,,,,,,,,,,,,,,,,,,,,,,,,,,,,,,,,,,,,,,,,,,,,,,,,,,,,,,,To decide between two options on what the most likely explanation for a prompt was.
,,,,,,,,,,,,,,,,,,,,,,,,,,,,,,,,,,,,,,,,,,,,,,,,,,,,,,,,,,,,2,1,2,2,1,2,1,2,1,2,1,1,2,1,1,1,1,2,1,1,1,2,2,1,1,1,2,1,1,1,1,2,2,1,2,1,1,2,2,2,1,1,1,2,1,2,2,2,2,1,1,1,1,2,2,2,1,2,1,1,,,,,,,,,,,,,,,,,,,,,,,,,,,,,,,,,,,,,,,,,,,,,,,,,,,,,,,,,,,,,Choose between two explanations of a vignette that I felt was better.
,,,,,,,,,,,,,,,,,,,,,,,,,,,,,,,,,,,,,,,,,,,,,,,,,,,,,,,,,,,,1,1,1,2,1,2,2,2,2,1,1,2,2,1,2,1,2,2,1,1,1,2,2,2,2,1,2,1,2,2,2,2,1,1,1,1,1,1,1,1,1,1,1,2,1,1,1,1,2,1,1,2,1,1,1,2,1,1,1,2,,,,,,,,,,,,,,,,,,,,,,,,,,,,,,,,,,,,,,,,,,,,,,,,,,,,,,,,,,,,,Choice between descriptions that explains why people is Jiev change their clothes more often
,,,,,,,,,,,,,,,,,,,,,,,,,,,,,,,,,,,,,,,,,,,,,,,,,,,,,,,,,,,,,,,,,,,,,,,,,,,,,,,,,,,,,,,,,,,,,,,,,,,,,,,,,,,,,,,,,,,,,,,,1,2,1,1,2,1,2,2,2,2,1,1,1,2,2,2,1,1,1,2,1,2,1,2,2,2,2,1,2,1,2,2,2,2,2,1,2,1,2,1,2,2,1,1,1,2,1,1,2,2,2,1,1,2,1,2,2,1,2,1,Choose the  best option
1,2,2,2,2,1,2,2,2,1,2,2,1,2,2,2,2,2,2,2,2,1,2,2,1,2,2,2,2,2,2,2,2,2,1,2,2,2,2,2,2,2,2,1,2,1,2,2,2,2,1,1,2,1,2,2,2,2,2,2,,,,,,,,,,,,,,,,,,,,,,,,,,,,,,,,,,,,,,,,,,,,,,,,,,,,,,,,,,,,,,,,,,,,,,,,,,,,,,,,,,,,,,,,,,,,,,,,,,,,,,,,,,,,,,,,,,,,,,,,,This experiment had the survey taker choose between explanation pairs for the scenario.
,,,,,,,,,,,,,,,,,,,,,,,,,,,,,,,,,,,,,,,,,,,,,,,,,,,,,,,,,,,,1,2,1,2,1,1,2,2,1,1,1,1,1,1,1,2,1,2,2,1,2,1,1,2,2,1,2,1,1,1,2,2,2,1,2,2,2,1,1,2,2,2,1,1,1,2,2,2,1,1,1,1,2,2,2,1,1,1,2,2,,,,,,,,,,,,,,,,,,,,,,,,,,,,,,,,,,,,,,,,,,,,,,,,,,,,,,,,,,,,,Choose which of two scenarios is the most likely reason for a given event.
,,,,,,,,,,,,,,,,,,,,,,,,,,,,,,,,,,,,,,,,,,,,,,,,,,,,,,,,,,,,,,,,,,,,,,,,,,,,,,,,,,,,,,,,,,,,,,,,,,,,,,,,,,,,,,,,,,,,,,,,2,2,2,1,2,1,1,2,2,1,1,1,2,2,2,2,2,1,1,1,1,2,2,2,1,2,2,2,2,1,2,1,1,2,2,2,1,2,1,2,1,1,1,1,2,2,1,2,2,1,2,1,2,1,1,2,1,2,1,2,Which of the explination is better.
,,,,,,,,,,,,,,,,,,,,,,,,,,,,,,,,,,,,,,,,,,,,,,,,,,,,,,,,,,,,,,,,,,,,,,,,,,,,,,,,,,,,,,,,,,,,,,,,,,,,,,,,,,,,,,,,,,,,,,,,1,1,1,2,1,1,1,2,2,2,1,2,1,1,1,2,1,1,1,2,1,2,1,1,1,1,1,1,2,1,1,2,2,1,1,1,1,1,2,2,2,1,1,1,1,1,2,2,1,2,2,2,1,1,1,1,1,1,1,2,Given a common vignette of a demonstration turned violent there were 2 explanations that I had to select from as to the root cause for the escalation of violence that started with a peaceful demonstration.
,,,,,,,,,,,,,,,,,,,,,,,,,,,,,,,,,,,,,,,,,,,,,,,,,,,,,,,,,,,,1,1,2,1,1,2,2,1,1,1,1,2,2,1,1,1,1,2,1,1,1,2,1,2,1,1,1,1,1,1,2,1,2,2,1,1,1,2,2,2,2,2,1,2,2,1,2,2,2,2,1,2,2,1,1,1,1,2,1,2,,,,,,,,,,,,,,,,,,,,,,,,,,,,,,,,,,,,,,,,,,,,,,,,,,,,,,,,,,,,,analyze different statements about fashion changes 
1,2,2,2,2,1,2,2,1,1,2,1,1,2,2,2,2,1,2,2,1,1,2,2,2,1,1,1,2,1,2,2,1,1,2,1,1,2,2,1,2,1,2,1,1,2,2,1,2,2,1,2,2,2,2,2,1,1,2,1,,,,,,,,,,,,,,,,,,,,,,,,,,,,,,,,,,,,,,,,,,,,,,,,,,,,,,,,,,,,,,,,,,,,,,,,,,,,,,,,,,,,,,,,,,,,,,,,,,,,,,,,,,,,,,,,,,,,,,,,,I had to evaluate which explanation is better for a scenario.
1,1,1,1,2,1,2,1,1,1,1,2,1,2,2,1,1,1,2,1,1,1,2,1,2,1,2,2,2,1,2,1,1,2,1,1,2,1,1,1,1,1,2,2,1,1,2,1,1,2,2,1,1,1,1,2,2,2,1,1,,,,,,,,,,,,,,,,,,,,,,,,,,,,,,,,,,,,,,,,,,,,,,,,,,,,,,,,,,,,,,,,,,,,,,,,,,,,,,,,,,,,,,,,,,,,,,,,,,,,,,,,,,,,,,,,,,,,,,,,,choose which statement aligned more with the vigritte
,,,,,,,,,,,,,,,,,,,,,,,,,,,,,,,,,,,,,,,,,,,,,,,,,,,,,,,,,,,,1,1,1,2,1,2,1,1,2,1,1,1,1,1,1,1,1,2,2,1,1,2,1,2,2,1,1,1,2,1,1,1,2,1,2,1,1,1,2,2,2,1,1,1,2,1,1,1,2,1,1,2,2,1,2,1,2,2,1,2,,,,,,,,,,,,,,,,,,,,,,,,,,,,,,,,,,,,,,,,,,,,,,,,,,,,,,,,,,,,,Click on the better of two answers to a question about the fashion industry in Jirev.
,,,,,,,,,,,,,,,,,,,,,,,,,,,,,,,,,,,,,,,,,,,,,,,,,,,,,,,,,,,,,,,,,,,,,,,,,,,,,,,,,,,,,,,,,,,,,,,,,,,,,,,,,,,,,,,,,,,,,,,,1,2,1,1,2,1,1,2,1,2,1,1,1,1,2,1,1,1,2,1,1,1,1,1,1,1,1,1,2,1,1,2,1,1,1,2,1,1,1,1,1,1,1,1,1,1,1,1,1,2,1,2,1,2,1,1,1,1,1,1,to choose an explanation why a demonstration turned violent
,,,,,,,,,,,,,,,,,,,,,,,,,,,,,,,,,,,,,,,,,,,,,,,,,,,,,,,,,,,,1,2,1,1,1,2,1,1,2,1,2,1,2,1,1,1,1,1,1,1,1,2,2,2,1,1,1,1,1,1,1,1,2,1,1,1,1,1,1,2,1,2,1,2,1,1,1,1,2,1,1,1,2,1,2,2,2,1,2,1,,,,,,,,,,,,,,,,,,,,,,,,,,,,,,,,,,,,,,,,,,,,,,,,,,,,,,,,,,,,,Rate which of a pair of explainations were better.
1,2,1,2,1,2,2,2,1,2,2,1,1,2,1,1,1,2,1,1,1,2,1,1,2,2,2,1,2,2,2,2,2,2,1,1,2,2,1,2,2,2,2,2,1,1,2,2,2,1,2,1,2,2,1,1,1,2,1,1,,,,,,,,,,,,,,,,,,,,,,,,,,,,,,,,,,,,,,,,,,,,,,,,,,,,,,,,,,,,,,,,,,,,,,,,,,,,,,,,,,,,,,,,,,,,,,,,,,,,,,,,,,,,,,,,,,,,,,,,,Decide which choice was more realistic and better.
,,,,,,,,,,,,,,,,,,,,,,,,,,,,,,,,,,,,,,,,,,,,,,,,,,,,,,,,,,,,2,1,1,2,1,2,1,1,2,1,2,1,2,1,2,1,2,1,1,1,1,2,1,1,1,1,2,1,2,1,1,2,2,2,2,2,2,1,1,1,1,1,1,1,2,1,1,1,2,2,1,2,1,1,2,1,2,2,2,2,,,,,,,,,,,,,,,,,,,,,,,,,,,,,,,,,,,,,,,,,,,,,,,,,,,,,,,,,,,,,Choose which explanarion was better in response to a vignette.
,,,,,,,,,,,,,,,,,,,,,,,,,,,,,,,,,,,,,,,,,,,,,,,,,,,,,,,,,,,,1,1,1,1,1,2,1,1,2,1,1,1,2,1,1,1,1,1,2,1,2,2,1,2,1,1,1,1,2,1,1,1,2,1,1,1,1,1,1,1,1,1,1,2,1,1,2,1,2,1,1,1,1,1,2,1,1,1,1,2,,,,,,,,,,,,,,,,,,,,,,,,,,,,,,,,,,,,,,,,,,,,,,,,,,,,,,,,,,,,,Pick the explanation that made the most sense for the scenario presented.
,,,,,,,,,,,,,,,,,,,,,,,,,,,,,,,,,,,,,,,,,,,,,,,,,,,,,,,,,,,,,,,,,,,,,,,,,,,,,,,,,,,,,,,,,,,,,,,,,,,,,,,,,,,,,,,,,,,,,,,,1,1,1,1,1,1,1,2,1,1,2,2,1,2,1,2,2,2,1,2,1,1,1,2,2,2,1,2,1,1,2,1,2,2,2,2,2,2,2,1,1,1,2,2,2,1,2,1,1,1,1,2,2,2,2,1,1,1,1,1,"Defer which of the following hypotheticals where more likely than the other, in a given situation."
1,1,1,1,1,1,2,2,1,1,1,1,1,2,2,1,1,1,2,1,1,1,1,1,1,2,2,1,1,2,1,2,2,1,1,1,1,2,1,1,2,2,2,1,1,1,1,1,1,1,1,2,1,1,1,2,2,2,2,2,,,,,,,,,,,,,,,,,,,,,,,,,,,,,,,,,,,,,,,,,,,,,,,,,,,,,,,,,,,,,,,,,,,,,,,,,,,,,,,,,,,,,,,,,,,,,,,,,,,,,,,,,,,,,,,,,,,,,,,,,Decide between two statements which is better and more likely
,,,,,,,,,,,,,,,,,,,,,,,,,,,,,,,,,,,,,,,,,,,,,,,,,,,,,,,,,,,,1,1,1,2,1,2,1,2,1,2,1,1,2,1,1,1,2,2,1,1,1,2,1,1,2,1,1,1,1,1,2,1,2,1,1,2,1,1,2,2,2,2,1,2,1,1,2,1,2,2,1,2,1,1,2,1,1,1,2,2,,,,,,,,,,,,,,,,,,,,,,,,,,,,,,,,,,,,,,,,,,,,,,,,,,,,,,,,,,,,,i was asked to evaluate explainations  that people gave to the vignette i read and I had to choose between the 2 choices which i thought is more likely
,,,,,,,,,,,,,,,,,,,,,,,,,,,,,,,,,,,,,,,,,,,,,,,,,,,,,,,,,,,,,,,,,,,,,,,,,,,,,,,,,,,,,,,,,,,,,,,,,,,,,,,,,,,,,,,,,,,,,,,,1,1,2,1,2,1,1,1,1,1,2,1,1,2,1,1,2,1,1,1,1,1,1,1,1,1,1,1,1,1,1,1,2,1,1,1,1,1,1,1,1,1,1,1,1,1,1,1,2,1,1,1,1,1,1,2,1,1,1,1,"pick which explanation, which explained a vignette, was better and more likely "
,,,,,,,,,,,,,,,,,,,,,,,,,,,,,,,,,,,,,,,,,,,,,,,,,,,,,,,,,,,,,,,,,,,,,,,,,,,,,,,,,,,,,,,,,,,,,,,,,,,,,,,,,,,,,,,,,,,,,,,,2,1,1,1,2,1,1,1,2,1,2,2,2,1,1,2,2,1,2,1,1,1,1,1,1,1,1,1,1,2,1,1,2,1,1,2,1,1,2,1,2,1,2,1,1,1,1,1,2,1,1,2,1,1,2,1,1,1,1,1,Decide which of two explanations for a protest turning violent was most likely
,,,,,,,,,,,,,,,,,,,,,,,,,,,,,,,,,,,,,,,,,,,,,,,,,,,,,,,,,,,,,,,,,,,,,,,,,,,,,,,,,,,,,,,,,,,,,,,,,,,,,,,,,,,,,,,,,,,,,,,,2,1,2,2,2,2,2,1,2,2,2,2,1,2,1,2,2,2,2,1,1,1,2,1,2,1,1,2,2,2,1,2,2,2,2,2,1,1,2,2,2,2,2,1,1,1,1,2,2,2,2,2,1,1,2,1,1,2,2,2,Two choose out of two options what was the most likely cause for the protest turning violent.
2,1,1,1,1,1,1,1,1,1,1,2,1,2,1,1,2,1,2,2,1,1,2,1,2,2,2,1,2,2,2,2,1,1,1,2,1,2,1,1,1,2,1,1,1,1,1,2,2,1,1,1,1,1,1,1,1,1,1,2,,,,,,,,,,,,,,,,,,,,,,,,,,,,,,,,,,,,,,,,,,,,,,,,,,,,,,,,,,,,,,,,,,,,,,,,,,,,,,,,,,,,,,,,,,,,,,,,,,,,,,,,,,,,,,,,,,,,,,,,,choose which situation would be most probable
1,2,2,2,2,1,2,1,1,2,2,2,1,2,1,2,1,2,2,2,1,1,1,2,1,2,2,1,2,1,1,2,1,1,1,1,1,1,2,1,2,1,2,1,1,2,1,2,1,2,1,2,2,1,2,2,2,1,2,2,,,,,,,,,,,,,,,,,,,,,,,,,,,,,,,,,,,,,,,,,,,,,,,,,,,,,,,,,,,,,,,,,,,,,,,,,,,,,,,,,,,,,,,,,,,,,,,,,,,,,,,,,,,,,,,,,,,,,,,,,Read a vignette and decide the most likely of two scenarios regarding the vignette.
,,,,,,,,,,,,,,,,,,,,,,,,,,,,,,,,,,,,,,,,,,,,,,,,,,,,,,,,,,,,,,,,,,,,,,,,,,,,,,,,,,,,,,,,,,,,,,,,,,,,,,,,,,,,,,,,,,,,,,,,1,1,2,1,2,1,1,1,1,1,1,1,1,1,1,1,2,1,1,1,1,1,1,1,1,1,1,1,1,1,1,1,2,1,1,2,1,1,2,1,1,1,2,1,1,1,1,1,2,1,1,1,1,1,1,1,1,1,1,2,I was asked to determine the most likely option out of two as to why a peaceful protest for workers rights turned violent.
,,,,,,,,,,,,,,,,,,,,,,,,,,,,,,,,,,,,,,,,,,,,,,,,,,,,,,,,,,,,,,,,,,,,,,,,,,,,,,,,,,,,,,,,,,,,,,,,,,,,,,,,,,,,,,,,,,,,,,,,1,2,1,1,2,1,1,2,1,1,1,1,1,1,1,1,1,1,1,1,1,1,1,2,1,1,2,1,1,1,1,2,1,1,1,2,1,1,1,2,1,1,1,1,1,1,1,1,1,1,1,1,1,2,1,1,1,2,2,2,I was asked to pick which scenario I thought was the cause of the violent protest.
1,1,1,2,1,1,2,2,1,1,1,1,1,2,2,1,1,2,2,2,2,1,1,2,2,2,2,2,1,2,2,1,2,2,1,1,1,2,1,1,2,2,1,1,1,2,1,2,1,1,1,1,1,1,1,2,1,2,2,1,,,,,,,,,,,,,,,,,,,,,,,,,,,,,,,,,,,,,,,,,,,,,,,,,,,,,,,,,,,,,,,,,,,,,,,,,,,,,,,,,,,,,,,,,,,,,,,,,,,,,,,,,,,,,,,,,,,,,,,,,"Choose the explanation, from the two explanations given, that made the most sense."
,,,,,,,,,,,,,,,,,,,,,,,,,,,,,,,,,,,,,,,,,,,,,,,,,,,,,,,,,,,,1,1,2,2,1,2,1,1,1,1,1,1,1,1,1,1,1,1,1,2,2,1,1,2,1,1,1,1,1,1,1,1,2,1,1,1,1,1,1,1,1,1,1,1,1,1,1,2,2,1,1,1,1,1,2,1,2,1,1,1,,,,,,,,,,,,,,,,,,,,,,,,,,,,,,,,,,,,,,,,,,,,,,,,,,,,,,,,,,,,,I was asked to choose between to reasons why fashion trends change so frequently. 
,,,,,,,,,,,,,,,,,,,,,,,,,,,,,,,,,,,,,,,,,,,,,,,,,,,,,,,,,,,,,,,,,,,,,,,,,,,,,,,,,,,,,,,,,,,,,,,,,,,,,,,,,,,,,,,,,,,,,,,,2,1,1,2,2,1,2,1,2,2,2,2,1,1,1,2,2,1,1,1,1,1,1,2,1,1,1,1,2,2,1,2,1,1,2,2,1,1,2,2,2,2,2,1,1,2,1,1,1,2,1,1,1,1,1,1,2,1,2,2,Choose a option the sounded liek what had happend
,,,,,,,,,,,,,,,,,,,,,,,,,,,,,,,,,,,,,,,,,,,,,,,,,,,,,,,,,,,,,,,,,,,,,,,,,,,,,,,,,,,,,,,,,,,,,,,,,,,,,,,,,,,,,,,,,,,,,,,,1,2,1,1,1,1,1,1,1,1,1,1,1,1,1,1,1,1,1,2,1,1,1,1,1,1,2,1,1,1,1,1,2,1,1,1,1,1,1,1,1,1,1,1,1,1,1,1,2,1,1,2,1,1,2,1,1,1,1,2,Pick the best of two descriptions that explained why a riot took place during a workers protest
,,,,,,,,,,,,,,,,,,,,,,,,,,,,,,,,,,,,,,,,,,,,,,,,,,,,,,,,,,,,,,,,,,,,,,,,,,,,,,,,,,,,,,,,,,,,,,,,,,,,,,,,,,,,,,,,,,,,,,,,2,1,1,1,2,1,2,2,1,2,1,1,1,1,1,1,2,2,2,1,1,1,2,1,2,1,2,2,1,2,2,2,1,1,2,1,2,2,1,2,2,2,1,1,2,1,1,1,2,2,1,1,1,2,1,1,2,1,2,2,Determine which of two potential explanations are more likely to explain what had occured at the protest.
,,,,,,,,,,,,,,,,,,,,,,,,,,,,,,,,,,,,,,,,,,,,,,,,,,,,,,,,,,,,,,,,,,,,,,,,,,,,,,,,,,,,,,,,,,,,,,,,,,,,,,,,,,,,,,,,,,,,,,,,2,1,2,2,2,2,1,1,2,2,2,2,1,1,1,2,1,1,1,1,1,2,1,1,1,1,2,1,2,2,1,2,2,1,2,2,2,2,2,2,2,2,1,2,2,1,2,2,2,2,2,2,2,1,1,1,2,1,1,2,determine what the most likely explanation was
,,,,,,,,,,,,,,,,,,,,,,,,,,,,,,,,,,,,,,,,,,,,,,,,,,,,,,,,,,,,1,2,1,2,1,1,1,1,2,1,1,1,2,1,1,1,1,1,2,1,1,2,2,2,2,1,1,1,1,1,2,2,2,2,2,1,1,1,2,1,2,1,1,1,1,1,1,2,1,2,1,1,2,1,2,2,2,1,1,1,,,,,,,,,,,,,,,,,,,,,,,,,,,,,,,,,,,,,,,,,,,,,,,,,,,,,,,,,,,,,Decide which explanation is better for why fashion trends are changing so fast now.
,,,,,,,,,,,,,,,,,,,,,,,,,,,,,,,,,,,,,,,,,,,,,,,,,,,,,,,,,,,,1,1,2,2,1,1,1,1,2,1,2,1,2,1,1,1,2,2,1,2,1,2,2,2,2,1,1,1,1,1,2,1,2,1,1,1,1,1,2,2,2,1,1,1,2,1,2,1,2,1,2,2,2,1,1,1,2,2,1,2,,,,,,,,,,,,,,,,,,,,,,,,,,,,,,,,,,,,,,,,,,,,,,,,,,,,,,,,,,,,,Choose between 2 scenarios that explain why clothing trends happen in an area.
,,,,,,,,,,,,,,,,,,,,,,,,,,,,,,,,,,,,,,,,,,,,,,,,,,,,,,,,,,,,,,,,,,,,,,,,,,,,,,,,,,,,,,,,,,,,,,,,,,,,,,,,,,,,,,,,,,,,,,,,1,1,1,1,2,1,1,1,1,1,1,1,1,1,1,1,1,1,1,1,1,1,1,1,1,1,1,1,1,1,1,1,2,1,1,2,1,1,1,1,1,1,1,1,1,1,1,1,1,1,1,1,1,1,1,1,1,1,1,2,decide which of 2 explanations was the most likely
1,1,1,2,1,1,2,2,1,1,2,1,1,1,1,1,1,1,2,2,1,1,1,1,2,2,2,1,2,2,2,1,2,2,1,1,2,2,2,2,1,2,2,2,1,1,1,1,1,2,2,1,1,1,2,1,2,1,1,1,,,,,,,,,,,,,,,,,,,,,,,,,,,,,,,,,,,,,,,,,,,,,,,,,,,,,,,,,,,,,,,,,,,,,,,,,,,,,,,,,,,,,,,,,,,,,,,,,,,,,,,,,,,,,,,,,,,,,,,,,Decide which of the 2 options better reason the vignette
,,,,,,,,,,,,,,,,,,,,,,,,,,,,,,,,,,,,,,,,,,,,,,,,,,,,,,,,,,,,1,1,1,2,1,2,1,1,1,2,1,1,2,1,1,1,1,1,1,1,2,1,1,2,2,1,2,1,1,2,1,1,2,1,1,1,1,1,2,1,1,2,1,2,1,1,1,1,2,1,1,2,2,1,2,1,1,1,1,2,,,,,,,,,,,,,,,,,,,,,,,,,,,,,,,,,,,,,,,,,,,,,,,,,,,,,,,,,,,,,Choose between two explanations of which was more likely for the given scenario
1,1,1,1,1,1,2,1,1,1,2,1,1,2,2,1,1,2,1,2,2,1,1,2,1,2,2,2,1,1,1,1,1,2,1,1,1,1,1,2,2,2,1,2,1,1,1,1,1,1,1,1,1,1,1,1,1,1,2,1,,,,,,,,,,,,,,,,,,,,,,,,,,,,,,,,,,,,,,,,,,,,,,,,,,,,,,,,,,,,,,,,,,,,,,,,,,,,,,,,,,,,,,,,,,,,,,,,,,,,,,,,,,,,,,,,,,,,,,,,,"Pick out of two, the better explanation that felt more likely to be the cause."
1,1,2,2,1,1,2,2,1,2,1,1,1,2,2,1,1,2,1,2,1,2,1,1,2,1,2,1,2,2,1,1,1,2,1,2,1,2,1,1,1,1,1,1,1,2,1,2,1,1,1,1,1,1,2,1,1,1,2,1,,,,,,,,,,,,,,,,,,,,,,,,,,,,,,,,,,,,,,,,,,,,,,,,,,,,,,,,,,,,,,,,,,,,,,,,,,,,,,,,,,,,,,,,,,,,,,,,,,,,,,,,,,,,,,,,,,,,,,,,,A scenario was given to me where minority voices had gained undue influence on social media.  Two explanations were given.  One was an Intentional Design and the other an Invisible Hand explanation.  For each pair of explanations I was to choose which one seemed best.
1,2,1,1,1,1,2,1,1,1,1,1,1,2,1,1,1,1,2,1,1,1,2,2,2,2,2,2,2,2,2,1,2,2,1,1,1,2,1,1,2,2,2,2,1,2,2,2,2,2,1,2,1,2,1,1,2,2,1,2,,,,,,,,,,,,,,,,,,,,,,,,,,,,,,,,,,,,,,,,,,,,,,,,,,,,,,,,,,,,,,,,,,,,,,,,,,,,,,,,,,,,,,,,,,,,,,,,,,,,,,,,,,,,,,,,,,,,,,,,,Give my opinion on the best explanation for a news article.
,,,,,,,,,,,,,,,,,,,,,,,,,,,,,,,,,,,,,,,,,,,,,,,,,,,,,,,,,,,,,,,,,,,,,,,,,,,,,,,,,,,,,,,,,,,,,,,,,,,,,,,,,,,,,,,,,,,,,,,,1,2,1,2,2,2,1,2,2,1,1,1,1,2,1,2,1,2,1,1,1,2,1,1,1,1,2,1,2,1,1,2,2,2,2,2,2,2,2,1,2,2,2,1,1,2,2,1,1,2,2,2,1,2,2,1,2,2,2,1,"Read a scenario, then chose the most likely reason from two previously provided responses"
,,,,,,,,,,,,,,,,,,,,,,,,,,,,,,,,,,,,,,,,,,,,,,,,,,,,,,,,,,,,1,1,2,1,1,1,1,1,1,1,1,1,2,1,1,1,1,1,2,1,2,1,1,2,1,1,1,2,2,1,1,1,2,1,2,2,1,2,1,1,1,2,1,2,1,1,1,1,2,1,1,2,1,1,1,1,1,1,2,2,,,,,,,,,,,,,,,,,,,,,,,,,,,,,,,,,,,,,,,,,,,,,,,,,,,,,,,,,,,,,To deteemine which is the better explanation for fast fashion in Jirev.
,,,,,,,,,,,,,,,,,,,,,,,,,,,,,,,,,,,,,,,,,,,,,,,,,,,,,,,,,,,,,,,,,,,,,,,,,,,,,,,,,,,,,,,,,,,,,,,,,,,,,,,,,,,,,,,,,,,,,,,,1,1,1,1,1,1,1,1,2,2,1,1,1,1,1,2,1,1,1,1,1,1,1,1,1,2,1,1,1,1,1,2,1,1,1,1,1,1,2,1,1,1,1,1,1,1,1,2,2,1,1,2,1,1,1,1,1,1,1,2,"Chose between two answers to a question about why violence happened, choosing which one we thought was more likely "
1,1,1,1,1,1,2,2,1,1,2,2,1,2,2,1,1,1,1,1,2,1,2,1,2,1,1,1,1,1,1,1,2,1,1,1,1,1,1,1,1,1,1,1,1,1,1,1,1,1,1,1,1,1,1,1,1,1,2,1,,,,,,,,,,,,,,,,,,,,,,,,,,,,,,,,,,,,,,,,,,,,,,,,,,,,,,,,,,,,,,,,,,,,,,,,,,,,,,,,,,,,,,,,,,,,,,,,,,,,,,,,,,,,,,,,,,,,,,,,,To choose the sentence that was better or more likely. 
,,,,,,,,,,,,,,,,,,,,,,,,,,,,,,,,,,,,,,,,,,,,,,,,,,,,,,,,,,,,1,1,1,2,1,2,2,1,1,1,1,1,2,1,1,2,2,2,2,2,2,2,1,1,2,1,2,1,1,1,2,2,2,1,2,2,1,1,2,2,1,2,1,2,1,1,2,1,2,1,1,2,1,1,2,2,2,2,1,1,,,,,,,,,,,,,,,,,,,,,,,,,,,,,,,,,,,,,,,,,,,,,,,,,,,,,,,,,,,,,decide which of two responses was better
1,2,2,2,1,1,2,2,1,1,2,1,1,1,2,2,1,2,2,2,2,1,2,2,2,2,2,2,1,2,2,1,2,1,2,1,1,2,1,2,2,2,2,1,2,2,1,2,2,2,2,2,2,1,2,2,2,2,2,2,,,,,,,,,,,,,,,,,,,,,,,,,,,,,,,,,,,,,,,,,,,,,,,,,,,,,,,,,,,,,,,,,,,,,,,,,,,,,,,,,,,,,,,,,,,,,,,,,,,,,,,,,,,,,,,,,,,,,,,,,Pick the more likely explanation for opinions spreading on social media.
,,,,,,,,,,,,,,,,,,,,,,,,,,,,,,,,,,,,,,,,,,,,,,,,,,,,,,,,,,,,,,,,,,,,,,,,,,,,,,,,,,,,,,,,,,,,,,,,,,,,,,,,,,,,,,,,,,,,,,,,1,2,1,1,2,1,1,1,1,1,1,1,1,2,1,2,2,1,1,1,1,1,1,1,1,1,2,1,2,2,1,1,2,1,1,2,1,1,2,1,1,1,1,1,1,1,1,1,2,1,1,1,1,2,1,1,1,2,1,2,select which explanation of an event made more sense
2,1,1,1,1,1,1,2,1,1,2,1,1,1,1,1,1,1,2,2,1,2,1,2,2,1,2,1,1,1,1,1,2,2,1,1,1,2,2,1,1,1,1,1,1,1,2,1,1,1,1,2,1,1,2,1,1,1,2,1,,,,,,,,,,,,,,,,,,,,,,,,,,,,,,,,,,,,,,,,,,,,,,,,,,,,,,,,,,,,,,,,,,,,,,,,,,,,,,,,,,,,,,,,,,,,,,,,,,,,,,,,,,,,,,,,,,,,,,,,,Decide which of the two reasons provided were more likely given the preceding paragraph story. 
,,,,,,,,,,,,,,,,,,,,,,,,,,,,,,,,,,,,,,,,,,,,,,,,,,,,,,,,,,,,1,1,2,1,1,1,1,2,1,2,2,1,1,1,1,1,1,1,1,2,1,2,2,1,2,1,1,2,1,1,2,2,2,1,1,1,1,1,1,2,1,1,1,1,2,1,2,1,2,2,1,2,1,1,1,1,1,1,2,1,,,,,,,,,,,,,,,,,,,,,,,,,,,,,,,,,,,,,,,,,,,,,,,,,,,,,,,,,,,,,I was asked to decide which of the two explanations was more likely or plausible.
,,,,,,,,,,,,,,,,,,,,,,,,,,,,,,,,,,,,,,,,,,,,,,,,,,,,,,,,,,,,,,,,,,,,,,,,,,,,,,,,,,,,,,,,,,,,,,,,,,,,,,,,,,,,,,,,,,,,,,,,1,1,1,1,1,1,1,1,1,1,1,1,1,1,1,1,1,1,1,1,1,1,1,1,1,1,1,1,1,1,1,1,2,1,1,2,1,1,1,1,1,1,1,1,1,1,1,1,1,1,1,1,1,1,1,1,1,1,2,1,choose the best explanation for the violence between two.
,,,,,,,,,,,,,,,,,,,,,,,,,,,,,,,,,,,,,,,,,,,,,,,,,,,,,,,,,,,,1,1,1,1,1,1,1,1,2,1,2,2,1,1,1,2,2,2,2,1,2,1,2,1,2,2,1,2,1,1,2,2,1,2,1,1,2,2,2,1,2,2,1,1,2,1,2,2,2,2,1,2,1,2,2,2,1,2,2,2,,,,,,,,,,,,,,,,,,,,,,,,,,,,,,,,,,,,,,,,,,,,,,,,,,,,,,,,,,,,,pick which explanation was more likely for a given situation (why fashion trends were changing rapidly)
,,,,,,,,,,,,,,,,,,,,,,,,,,,,,,,,,,,,,,,,,,,,,,,,,,,,,,,,,,,,1,2,1,1,1,2,2,1,1,1,2,1,2,2,2,2,1,2,2,2,2,2,2,1,1,2,2,1,1,1,1,1,2,1,2,1,1,2,1,2,2,2,1,2,2,1,2,2,2,1,1,1,2,1,1,2,2,2,2,1,,,,,,,,,,,,,,,,,,,,,,,,,,,,,,,,,,,,,,,,,,,,,,,,,,,,,,,,,,,,,"Choose the better, more likely explanation for the faster changes in fashion trends in Jirev."
,,,,,,,,,,,,,,,,,,,,,,,,,,,,,,,,,,,,,,,,,,,,,,,,,,,,,,,,,,,,1,1,2,2,1,2,1,2,1,1,1,2,2,1,1,1,2,2,1,2,2,2,1,2,2,1,1,2,1,1,1,2,2,2,1,2,1,1,1,2,2,2,1,1,1,2,2,1,2,2,2,1,2,1,2,1,1,2,2,2,,,,,,,,,,,,,,,,,,,,,,,,,,,,,,,,,,,,,,,,,,,,,,,,,,,,,,,,,,,,,I was asked to select which statement best reflected the change in fashion trends today in Jirev than in the past
,,,,,,,,,,,,,,,,,,,,,,,,,,,,,,,,,,,,,,,,,,,,,,,,,,,,,,,,,,,,,,,,,,,,,,,,,,,,,,,,,,,,,,,,,,,,,,,,,,,,,,,,,,,,,,,,,,,,,,,,1,2,2,1,1,1,1,1,1,1,1,1,1,1,1,1,1,1,1,1,1,1,1,1,1,2,2,1,1,1,1,1,2,1,1,1,1,1,2,1,1,1,1,1,1,1,1,1,2,1,1,1,1,1,2,1,1,1,1,2,Choose the option that you believe is most likely true and most likely happened that led to the worker's protest to become violent. 
2,2,2,2,1,1,2,2,1,1,2,1,1,2,2,1,1,2,2,2,2,1,2,2,2,2,2,2,1,2,1,2,1,1,1,1,2,2,1,2,2,2,2,1,1,2,2,2,2,1,1,2,1,1,1,2,2,2,2,2,,,,,,,,,,,,,,,,,,,,,,,,,,,,,,,,,,,,,,,,,,,,,,,,,,,,,,,,,,,,,,,,,,,,,,,,,,,,,,,,,,,,,,,,,,,,,,,,,,,,,,,,,,,,,,,,,,,,,,,,,choose the best explanation for a vignette about social change through posting of minority opinions on social media
,,,,,,,,,,,,,,,,,,,,,,,,,,,,,,,,,,,,,,,,,,,,,,,,,,,,,,,,,,,,,,,,,,,,,,,,,,,,,,,,,,,,,,,,,,,,,,,,,,,,,,,,,,,,,,,,,,,,,,,,2,1,1,2,2,2,2,1,2,2,2,2,1,1,1,2,2,1,1,1,1,1,1,1,2,1,2,2,2,2,1,2,1,1,2,2,1,1,2,2,2,2,1,1,1,2,1,2,2,2,2,2,1,1,1,2,1,2,1,1,decide which answer might be right for the situation that took place between labor workers and police. not sure
,,,,,,,,,,,,,,,,,,,,,,,,,,,,,,,,,,,,,,,,,,,,,,,,,,,,,,,,,,,,2,2,2,2,1,1,1,1,1,2,1,1,2,2,1,1,1,2,2,1,2,1,2,2,1,1,1,2,2,1,1,1,2,1,1,1,1,1,1,2,1,1,1,1,1,1,2,1,2,2,2,1,1,1,1,2,1,1,2,2,,,,,,,,,,,,,,,,,,,,,,,,,,,,,,,,,,,,,,,,,,,,,,,,,,,,,,,,,,,,,choose which statement explains better why fashion trends are changing faster.
,,,,,,,,,,,,,,,,,,,,,,,,,,,,,,,,,,,,,,,,,,,,,,,,,,,,,,,,,,,,1,2,1,2,1,2,1,1,1,1,1,1,2,1,1,1,1,1,2,1,2,2,1,1,1,1,1,2,2,1,2,1,2,1,2,1,2,1,1,1,1,2,1,2,1,1,1,1,2,2,1,2,1,1,2,2,1,1,1,2,,,,,,,,,,,,,,,,,,,,,,,,,,,,,,,,,,,,,,,,,,,,,,,,,,,,,,,,,,,,,Choose which explanation was more appropriate to explain the increase in trends going viral in Jirev.
,,,,,,,,,,,,,,,,,,,,,,,,,,,,,,,,,,,,,,,,,,,,,,,,,,,,,,,,,,,,,,,,,,,,,,,,,,,,,,,,,,,,,,,,,,,,,,,,,,,,,,,,,,,,,,,,,,,,,,,,2,1,1,1,2,2,2,2,2,2,1,1,1,1,1,1,1,2,1,2,1,1,2,1,2,1,1,1,1,2,1,2,2,1,2,2,2,1,2,2,2,1,2,1,2,2,2,1,1,1,2,2,1,1,2,2,1,1,1,1,Choosing an explanation about the article 
1,2,2,2,1,2,2,2,2,1,2,1,1,2,2,2,2,2,2,2,2,1,1,2,2,2,2,2,1,2,2,2,2,2,2,1,2,2,1,2,2,2,2,1,2,2,2,1,2,2,1,1,2,2,2,2,2,2,1,2,,,,,,,,,,,,,,,,,,,,,,,,,,,,,,,,,,,,,,,,,,,,,,,,,,,,,,,,,,,,,,,,,,,,,,,,,,,,,,,,,,,,,,,,,,,,,,,,,,,,,,,,,,,,,,,,,,,,,,,,,chhose the most likely explanation between 2 given
,,,,,,,,,,,,,,,,,,,,,,,,,,,,,,,,,,,,,,,,,,,,,,,,,,,,,,,,,,,,1,2,1,1,1,2,1,1,1,1,1,1,1,1,1,1,1,1,1,2,2,2,2,2,2,1,1,1,1,1,1,1,2,1,1,2,1,2,2,2,2,1,1,1,2,1,1,1,2,2,2,1,2,1,1,2,1,1,1,2,,,,,,,,,,,,,,,,,,,,,,,,,,,,,,,,,,,,,,,,,,,,,,,,,,,,,,,,,,,,,"Pick the most likely response to the question, out of 2 options at a time. "
,,,,,,,,,,,,,,,,,,,,,,,,,,,,,,,,,,,,,,,,,,,,,,,,,,,,,,,,,,,,1,2,1,2,1,2,2,1,2,2,2,1,2,1,1,2,2,1,1,1,1,2,1,1,2,2,1,1,1,1,2,1,1,1,1,2,2,1,2,1,1,1,1,2,2,1,2,1,2,1,1,2,1,1,1,2,1,2,2,2,,,,,,,,,,,,,,,,,,,,,,,,,,,,,,,,,,,,,,,,,,,,,,,,,,,,,,,,,,,,,In this experiment I made the the decision from the provided information.
1,2,1,1,2,1,2,1,1,1,2,1,1,1,2,2,2,2,1,2,2,1,1,1,1,1,1,2,2,1,1,2,1,1,1,1,2,1,1,2,1,2,2,2,1,2,1,1,2,1,1,2,2,1,2,1,1,1,2,1,,,,,,,,,,,,,,,,,,,,,,,,,,,,,,,,,,,,,,,,,,,,,,,,,,,,,,,,,,,,,,,,,,,,,,,,,,,,,,,,,,,,,,,,,,,,,,,,,,,,,,,,,,,,,,,,,,,,,,,,,decide which claims backs up the statement
,,,,,,,,,,,,,,,,,,,,,,,,,,,,,,,,,,,,,,,,,,,,,,,,,,,,,,,,,,,,,,,,,,,,,,,,,,,,,,,,,,,,,,,,,,,,,,,,,,,,,,,,,,,,,,,,,,,,,,,,2,1,1,2,1,2,2,1,2,2,1,2,1,2,1,2,1,2,2,1,1,1,1,1,2,1,1,1,2,2,1,1,2,1,2,2,1,1,2,1,1,1,2,1,1,2,1,2,1,2,2,2,1,1,2,1,1,1,1,1,Read a vignette and choose which response was better or more likely the cause of the situation
1,1,2,1,1,1,1,1,1,1,1,1,1,2,2,1,1,1,1,1,1,1,1,1,1,1,2,1,1,1,1,1,1,1,1,1,1,1,1,2,1,1,1,2,1,1,1,1,1,1,1,1,1,1,1,1,2,1,2,1,,,,,,,,,,,,,,,,,,,,,,,,,,,,,,,,,,,,,,,,,,,,,,,,,,,,,,,,,,,,,,,,,,,,,,,,,,,,,,,,,,,,,,,,,,,,,,,,,,,,,,,,,,,,,,,,,,,,,,,,,"I first read a paragraph describing a political movement in Greland. Then I was presented with many pairs of possible explanations to that event, and was asked to choose the one which I thought is more likely."
1,2,1,1,1,2,1,1,1,1,1,2,1,2,2,1,2,1,2,2,2,1,2,2,2,1,2,2,1,1,2,1,2,1,1,1,1,1,1,1,2,1,2,1,1,2,2,1,1,1,1,1,1,1,1,1,1,2,2,1,,,,,,,,,,,,,,,,,,,,,,,,,,,,,,,,,,,,,,,,,,,,,,,,,,,,,,,,,,,,,,,,,,,,,,,,,,,,,,,,,,,,,,,,,,,,,,,,,,,,,,,,,,,,,,,,,,,,,,,,,I answered which response type I thought was better explained and written between two choices for a prompt
,,,,,,,,,,,,,,,,,,,,,,,,,,,,,,,,,,,,,,,,,,,,,,,,,,,,,,,,,,,,,,,,,,,,,,,,,,,,,,,,,,,,,,,,,,,,,,,,,,,,,,,,,,,,,,,,,,,,,,,,2,1,2,1,1,1,2,1,1,1,1,1,1,1,1,2,2,1,1,1,1,2,1,1,2,1,1,1,1,1,1,1,2,1,1,2,1,1,1,1,1,1,2,1,1,1,1,1,1,2,1,2,1,1,1,1,1,1,1,1,"Choose between two explanations, multiple times, which is more reasonable to explain the outcome of the protests turning violent."
,,,,,,,,,,,,,,,,,,,,,,,,,,,,,,,,,,,,,,,,,,,,,,,,,,,,,,,,,,,,,,,,,,,,,,,,,,,,,,,,,,,,,,,,,,,,,,,,,,,,,,,,,,,,,,,,,,,,,,,,2,1,2,2,2,1,2,1,2,2,2,2,2,1,1,2,2,1,2,1,1,1,1,1,1,1,1,1,2,2,1,2,2,1,2,2,1,1,2,2,2,2,2,1,1,2,1,2,2,2,2,2,1,1,2,2,1,2,2,1,"Read a vignette, and then choose which explanation is more likely from pairs of explanations submitted by other users."
,,,,,,,,,,,,,,,,,,,,,,,,,,,,,,,,,,,,,,,,,,,,,,,,,,,,,,,,,,,,1,1,2,2,1,2,2,2,2,2,1,1,2,2,1,1,1,1,2,2,2,1,1,2,1,2,1,1,1,1,2,2,1,2,1,2,2,1,2,2,2,2,1,1,1,2,1,1,1,2,2,2,1,2,2,2,2,1,2,1,,,,,,,,,,,,,,,,,,,,,,,,,,,,,,,,,,,,,,,,,,,,,,,,,,,,,,,,,,,,,Select the explanation that was closest to the topic.
1,1,2,1,1,1,2,1,2,2,1,1,1,2,2,1,2,1,2,2,2,2,2,2,2,2,2,2,1,2,2,1,1,1,1,1,1,1,1,2,2,2,1,1,1,2,1,1,2,1,1,1,2,2,2,2,1,1,2,1,,,,,,,,,,,,,,,,,,,,,,,,,,,,,,,,,,,,,,,,,,,,,,,,,,,,,,,,,,,,,,,,,,,,,,,,,,,,,,,,,,,,,,,,,,,,,,,,,,,,,,,,,,,,,,,,,,,,,,,,,Choose the better explanation for viral social media.
,,,,,,,,,,,,,,,,,,,,,,,,,,,,,,,,,,,,,,,,,,,,,,,,,,,,,,,,,,,,2,1,2,2,2,2,1,1,1,1,2,2,2,1,1,1,2,2,1,2,2,1,2,1,1,2,2,2,2,2,2,2,2,1,1,2,2,1,2,1,2,1,1,2,2,2,2,1,2,2,2,2,2,2,1,1,1,1,1,2,,,,,,,,,,,,,,,,,,,,,,,,,,,,,,,,,,,,,,,,,,,,,,,,,,,,,,,,,,,,,Was asked to pick which explanation I think would be better and more likely the chosen choice.
,,,,,,,,,,,,,,,,,,,,,,,,,,,,,,,,,,,,,,,,,,,,,,,,,,,,,,,,,,,,1,2,1,2,2,2,2,2,2,2,1,1,2,1,1,1,1,2,2,2,2,2,2,2,1,1,2,1,2,1,1,2,2,2,2,2,1,1,1,2,1,1,1,1,2,1,2,1,2,2,2,1,2,1,1,2,1,1,2,2,,,,,,,,,,,,,,,,,,,,,,,,,,,,,,,,,,,,,,,,,,,,,,,,,,,,,,,,,,,,,To evaluate two possible explanations regarding the changes to the fashion industry in Jirev
,,,,,,,,,,,,,,,,,,,,,,,,,,,,,,,,,,,,,,,,,,,,,,,,,,,,,,,,,,,,1,1,2,2,1,2,1,2,2,2,2,1,2,1,1,1,1,1,1,1,2,2,2,2,2,1,2,2,2,1,2,1,2,2,2,2,1,1,1,1,2,2,2,1,2,2,1,2,2,2,2,2,2,1,2,2,1,2,2,2,,,,,,,,,,,,,,,,,,,,,,,,,,,,,,,,,,,,,,,,,,,,,,,,,,,,,,,,,,,,,compare explanation for fast fashion trends in Jirev since 2010
,,,,,,,,,,,,,,,,,,,,,,,,,,,,,,,,,,,,,,,,,,,,,,,,,,,,,,,,,,,,1,1,1,1,1,1,2,2,1,1,1,1,1,1,1,1,1,1,1,1,1,2,1,2,1,2,2,1,2,2,2,1,2,1,1,2,1,2,2,2,1,2,1,2,2,2,2,1,1,1,1,1,2,1,1,1,1,1,2,2,,,,,,,,,,,,,,,,,,,,,,,,,,,,,,,,,,,,,,,,,,,,,,,,,,,,,,,,,,,,,rate the best explanation of a story
2,2,1,1,2,1,2,1,1,1,2,1,1,2,2,1,1,1,2,2,2,2,1,2,1,2,2,2,2,2,1,2,1,1,1,1,1,1,1,2,2,2,2,1,1,1,2,2,2,1,2,2,2,2,1,2,1,2,1,1,,,,,,,,,,,,,,,,,,,,,,,,,,,,,,,,,,,,,,,,,,,,,,,,,,,,,,,,,,,,,,,,,,,,,,,,,,,,,,,,,,,,,,,,,,,,,,,,,,,,,,,,,,,,,,,,,,,,,,,,,Pick a choice as to why a certain chain of events happened (social causes picking up in a fake town)
,,,,,,,,,,,,,,,,,,,,,,,,,,,,,,,,,,,,,,,,,,,,,,,,,,,,,,,,,,,,,,,,,,,,,,,,,,,,,,,,,,,,,,,,,,,,,,,,,,,,,,,,,,,,,,,,,,,,,,,,2,1,2,2,2,1,2,1,2,2,2,2,1,2,2,2,2,1,2,1,1,1,2,1,1,1,1,1,2,2,1,2,2,1,1,2,1,1,2,1,2,2,2,1,1,2,1,2,2,2,2,2,1,1,2,1,2,1,2,1,Chose which reason was more likely that a protest turned violent.
,,,,,,,,,,,,,,,,,,,,,,,,,,,,,,,,,,,,,,,,,,,,,,,,,,,,,,,,,,,,1,1,1,2,1,1,2,1,1,1,1,1,2,2,2,2,2,1,2,1,1,2,1,2,1,1,1,1,1,2,1,1,2,1,1,2,1,1,2,1,1,1,1,1,1,2,2,1,2,1,1,1,2,1,1,1,2,2,1,1,,,,,,,,,,,,,,,,,,,,,,,,,,,,,,,,,,,,,,,,,,,,,,,,,,,,,,,,,,,,,I was asked which of the two statements was more likely to be true.
,,,,,,,,,,,,,,,,,,,,,,,,,,,,,,,,,,,,,,,,,,,,,,,,,,,,,,,,,,,,,,,,,,,,,,,,,,,,,,,,,,,,,,,,,,,,,,,,,,,,,,,,,,,,,,,,,,,,,,,,2,1,1,2,2,1,2,1,2,2,2,2,1,1,2,2,2,1,2,1,1,1,2,2,1,1,1,2,2,2,1,2,1,1,2,2,1,1,2,2,2,2,2,2,1,2,1,2,2,2,2,2,1,1,1,1,1,2,2,1,judge which actions provided were the better choice when it came to the protest turning violent.
1,1,1,1,1,1,2,1,1,1,2,1,1,2,2,1,1,1,2,2,2,1,2,2,1,1,2,1,1,1,1,1,1,2,1,1,1,2,1,1,1,1,1,1,1,2,2,1,1,1,1,1,1,1,1,2,1,1,2,1,,,,,,,,,,,,,,,,,,,,,,,,,,,,,,,,,,,,,,,,,,,,,,,,,,,,,,,,,,,,,,,,,,,,,,,,,,,,,,,,,,,,,,,,,,,,,,,,,,,,,,,,,,,,,,,,,,,,,,,,,"Serially choose between two explanations, based on which fits better with a fixed vignette."
2,1,1,1,2,1,2,2,1,2,2,1,2,2,2,1,1,2,2,2,1,1,1,2,1,2,1,2,2,2,1,2,1,2,1,1,1,2,1,2,2,1,1,2,1,2,1,1,2,1,2,2,1,2,2,2,1,1,2,1,,,,,,,,,,,,,,,,,,,,,,,,,,,,,,,,,,,,,,,,,,,,,,,,,,,,,,,,,,,,,,,,,,,,,,,,,,,,,,,,,,,,,,,,,,,,,,,,,,,,,,,,,,,,,,,,,,,,,,,,,Pick the better example of why a trend is happening
1,1,1,1,1,1,2,2,1,1,1,1,1,2,2,1,1,2,2,2,1,1,2,1,1,1,2,2,1,1,1,2,1,2,1,1,1,2,1,2,2,1,1,1,1,2,2,1,2,1,1,1,1,1,2,2,1,1,2,1,,,,,,,,,,,,,,,,,,,,,,,,,,,,,,,,,,,,,,,,,,,,,,,,,,,,,,,,,,,,,,,,,,,,,,,,,,,,,,,,,,,,,,,,,,,,,,,,,,,,,,,,,,,,,,,,,,,,,,,,,Chose which of two options I feel best describes how a minority view gained traction on social media sites
1,1,1,1,1,1,1,2,1,1,2,1,1,2,2,1,1,2,2,2,1,2,1,1,1,1,1,1,1,1,1,1,1,1,1,1,1,1,1,1,1,1,1,2,1,1,2,1,1,1,1,1,1,1,2,1,2,1,2,1,,,,,,,,,,,,,,,,,,,,,,,,,,,,,,,,,,,,,,,,,,,,,,,,,,,,,,,,,,,,,,,,,,,,,,,,,,,,,,,,,,,,,,,,,,,,,,,,,,,,,,,,,,,,,,,,,,,,,,,,,I was asked to read a scenario and choose which explanation was more plausible.
1,2,2,1,2,1,2,2,2,2,2,1,2,2,2,1,2,1,1,2,2,1,2,2,2,2,2,2,2,2,1,2,2,1,1,2,1,2,1,1,2,1,2,2,2,2,2,1,1,1,1,2,1,2,2,2,1,1,2,2,,,,,,,,,,,,,,,,,,,,,,,,,,,,,,,,,,,,,,,,,,,,,,,,,,,,,,,,,,,,,,,,,,,,,,,,,,,,,,,,,,,,,,,,,,,,,,,,,,,,,,,,,,,,,,,,,,,,,,,,,Pick the best explantation for a given scenario on a page 60 times
,,,,,,,,,,,,,,,,,,,,,,,,,,,,,,,,,,,,,,,,,,,,,,,,,,,,,,,,,,,,,,,,,,,,,,,,,,,,,,,,,,,,,,,,,,,,,,,,,,,,,,,,,,,,,,,,,,,,,,,,1,1,2,1,1,1,1,2,1,1,1,1,1,1,1,1,1,1,1,1,1,1,1,2,2,2,2,1,1,1,1,2,2,1,1,2,1,1,1,1,2,2,1,1,1,1,1,1,1,1,1,2,1,2,1,1,1,2,1,2,Pick the best explanation to why a protest turned violent 
,,,,,,,,,,,,,,,,,,,,,,,,,,,,,,,,,,,,,,,,,,,,,,,,,,,,,,,,,,,,2,2,1,2,1,2,2,2,1,1,1,1,2,1,1,1,2,1,2,1,2,2,1,1,2,1,1,1,2,1,2,1,2,2,2,1,2,1,2,2,2,2,1,2,2,2,2,2,2,2,1,2,2,2,2,1,2,2,2,2,,,,,,,,,,,,,,,,,,,,,,,,,,,,,,,,,,,,,,,,,,,,,,,,,,,,,,,,,,,,,I was asked to pick the answer that was written by other participants that best fit with vignette. 
,,,,,,,,,,,,,,,,,,,,,,,,,,,,,,,,,,,,,,,,,,,,,,,,,,,,,,,,,,,,1,1,1,2,1,2,1,2,2,2,1,1,2,1,1,1,2,2,1,1,2,2,1,2,1,1,1,1,1,1,1,1,2,1,1,1,1,2,2,2,1,2,1,2,2,1,2,2,2,2,1,2,1,1,1,2,1,1,1,1,,,,,,,,,,,,,,,,,,,,,,,,,,,,,,,,,,,,,,,,,,,,,,,,,,,,,,,,,,,,,judge explanations for changes in fashion trends
,,,,,,,,,,,,,,,,,,,,,,,,,,,,,,,,,,,,,,,,,,,,,,,,,,,,,,,,,,,,1,1,1,1,1,2,1,1,1,1,1,1,1,2,1,1,1,1,2,2,2,2,2,2,1,1,1,2,1,1,1,1,2,2,1,1,1,2,1,1,1,1,1,2,2,1,1,1,2,1,1,1,1,1,1,1,1,1,1,1,,,,,,,,,,,,,,,,,,,,,,,,,,,,,,,,,,,,,,,,,,,,,,,,,,,,,,,,,,,,,choose which was more likely
1,2,1,1,1,1,1,1,1,1,2,1,1,2,1,1,2,1,1,2,1,1,1,2,1,2,2,2,2,2,1,1,2,2,1,1,1,1,1,1,1,1,2,1,1,1,2,2,1,1,1,1,1,1,1,1,2,2,1,1,,,,,,,,,,,,,,,,,,,,,,,,,,,,,,,,,,,,,,,,,,,,,,,,,,,,,,,,,,,,,,,,,,,,,,,,,,,,,,,,,,,,,,,,,,,,,,,,,,,,,,,,,,,,,,,,,,,,,,,,,I was asked to choose between two arguments that could best explain what was occuring in Gredland.
,,,,,,,,,,,,,,,,,,,,,,,,,,,,,,,,,,,,,,,,,,,,,,,,,,,,,,,,,,,,1,2,1,2,2,2,1,2,2,1,2,1,1,1,1,2,1,2,1,1,1,2,2,2,2,2,2,1,2,1,2,1,2,2,1,1,2,1,1,1,1,1,2,1,2,2,2,2,1,2,2,2,2,2,1,2,2,2,2,1,,,,,,,,,,,,,,,,,,,,,,,,,,,,,,,,,,,,,,,,,,,,,,,,,,,,,,,,,,,,,decide on an explanation for an event between two choices
,,,,,,,,,,,,,,,,,,,,,,,,,,,,,,,,,,,,,,,,,,,,,,,,,,,,,,,,,,,,,,,,,,,,,,,,,,,,,,,,,,,,,,,,,,,,,,,,,,,,,,,,,,,,,,,,,,,,,,,,2,1,1,2,2,1,1,2,2,1,1,2,2,2,2,1,1,1,1,1,1,2,2,2,2,1,1,1,1,1,1,1,2,1,1,2,1,1,1,1,2,1,2,1,2,1,1,2,1,2,1,2,1,2,1,2,2,1,1,2,choose the more plausible explanation
,,,,,,,,,,,,,,,,,,,,,,,,,,,,,,,,,,,,,,,,,,,,,,,,,,,,,,,,,,,,,,,,,,,,,,,,,,,,,,,,,,,,,,,,,,,,,,,,,,,,,,,,,,,,,,,,,,,,,,,,1,2,1,1,1,2,1,2,1,1,1,1,1,1,1,1,1,2,2,2,1,2,1,1,1,2,2,1,1,1,2,1,2,2,1,2,2,2,1,1,1,1,1,1,2,1,1,1,2,1,1,1,2,2,1,2,2,2,1,2,I was asked to read a vignette and repeatedly decided which of the two scenarios brought the more likely cause of violence breaking out at a protest.
1,1,1,1,1,1,1,2,1,1,2,1,2,2,1,2,1,2,1,2,2,1,1,1,1,2,2,2,1,2,1,2,1,2,1,1,1,2,1,2,2,2,1,1,2,2,2,2,1,1,1,1,1,1,2,2,1,1,2,1,,,,,,,,,,,,,,,,,,,,,,,,,,,,,,,,,,,,,,,,,,,,,,,,,,,,,,,,,,,,,,,,,,,,,,,,,,,,,,,,,,,,,,,,,,,,,,,,,,,,,,,,,,,,,,,,,,,,,,,,,I was asked to choose between to explanations and say which one was more likely.
,,,,,,,,,,,,,,,,,,,,,,,,,,,,,,,,,,,,,,,,,,,,,,,,,,,,,,,,,,,,1,1,2,2,1,2,1,1,1,1,1,1,2,1,1,1,1,1,1,2,2,2,1,2,1,1,2,1,1,1,1,1,2,1,2,1,1,1,2,1,1,2,1,2,2,1,1,1,2,2,1,1,1,1,1,1,1,2,1,2,,,,,,,,,,,,,,,,,,,,,,,,,,,,,,,,,,,,,,,,,,,,,,,,,,,,,,,,,,,,,Decide between 2 explanations the reason for viral fashion trends in Jirev
,,,,,,,,,,,,,,,,,,,,,,,,,,,,,,,,,,,,,,,,,,,,,,,,,,,,,,,,,,,,,,,,,,,,,,,,,,,,,,,,,,,,,,,,,,,,,,,,,,,,,,,,,,,,,,,,,,,,,,,,1,1,1,1,1,1,1,1,1,1,1,1,1,1,1,2,2,1,2,1,1,1,1,1,1,2,1,1,2,1,1,2,1,1,2,2,1,1,1,1,1,2,1,1,1,1,1,2,2,1,2,1,1,1,1,1,1,1,1,2,"Out of two options, which option was more probable cause of the protest by workers ended up violent. "
2,1,1,1,1,2,1,1,1,2,1,2,1,2,2,1,1,1,1,1,2,1,2,2,2,1,2,2,1,1,1,1,1,2,1,1,1,2,1,1,1,1,1,1,1,2,2,2,2,2,1,1,2,1,1,1,1,1,2,1,,,,,,,,,,,,,,,,,,,,,,,,,,,,,,,,,,,,,,,,,,,,,,,,,,,,,,,,,,,,,,,,,,,,,,,,,,,,,,,,,,,,,,,,,,,,,,,,,,,,,,,,,,,,,,,,,,,,,,,,,I had to make judgements about social movements and their influence on social media.
,,,,,,,,,,,,,,,,,,,,,,,,,,,,,,,,,,,,,,,,,,,,,,,,,,,,,,,,,,,,1,1,2,2,1,1,1,1,1,1,1,1,2,1,1,1,1,2,2,1,1,1,2,1,1,1,2,1,1,1,1,1,2,1,1,1,1,1,1,2,2,1,1,1,2,2,1,2,2,1,1,1,1,1,2,2,2,2,2,2,,,,,,,,,,,,,,,,,,,,,,,,,,,,,,,,,,,,,,,,,,,,,,,,,,,,,,,,,,,,,pick which phrase better explained the question
2,2,2,1,1,1,1,2,1,2,2,1,2,1,1,2,1,1,1,1,1,1,1,1,1,1,1,2,2,1,1,2,1,1,1,2,2,1,1,2,1,2,1,2,2,1,2,2,2,1,2,1,2,1,1,2,2,2,2,1,,,,,,,,,,,,,,,,,,,,,,,,,,,,,,,,,,,,,,,,,,,,,,,,,,,,,,,,,,,,,,,,,,,,,,,,,,,,,,,,,,,,,,,,,,,,,,,,,,,,,,,,,,,,,,,,,,,,,,,,,Find the better solution or what seems plausible 
,,,,,,,,,,,,,,,,,,,,,,,,,,,,,,,,,,,,,,,,,,,,,,,,,,,,,,,,,,,,,,,,,,,,,,,,,,,,,,,,,,,,,,,,,,,,,,,,,,,,,,,,,,,,,,,,,,,,,,,,2,1,1,2,2,1,1,2,2,1,1,1,1,1,2,1,1,1,1,1,1,1,1,1,1,1,1,1,1,1,1,1,2,1,1,2,1,2,1,1,2,1,1,1,2,1,1,1,2,2,1,2,1,1,2,2,1,2,1,1,Select which response we thought was the best. 
,,,,,,,,,,,,,,,,,,,,,,,,,,,,,,,,,,,,,,,,,,,,,,,,,,,,,,,,,,,,1,2,1,2,1,2,1,2,2,2,2,1,1,1,1,1,2,1,2,1,2,2,2,1,2,1,2,2,2,2,2,1,2,2,2,1,1,2,2,2,1,1,1,2,2,1,2,2,2,2,1,2,1,2,2,2,2,1,2,2,,,,,,,,,,,,,,,,,,,,,,,,,,,,,,,,,,,,,,,,,,,,,,,,,,,,,,,,,,,,,I had to choose between explanations for why fashion was changing so rapidly in a fictional country. I had to choose the most likely option.
1,1,1,1,1,2,2,1,1,1,1,2,1,2,2,1,2,2,1,2,2,1,2,2,2,2,2,1,2,2,2,1,1,2,1,1,1,2,1,1,1,2,1,2,1,1,2,1,1,1,1,2,1,1,1,2,2,1,2,1,,,,,,,,,,,,,,,,,,,,,,,,,,,,,,,,,,,,,,,,,,,,,,,,,,,,,,,,,,,,,,,,,,,,,,,,,,,,,,,,,,,,,,,,,,,,,,,,,,,,,,,,,,,,,,,,,,,,,,,,,Decide how movement gained attention even if it's a minority opinion
1,2,2,2,1,1,2,2,1,2,2,1,2,1,2,2,2,2,2,2,1,2,2,2,2,2,2,2,1,2,1,2,2,2,2,2,1,2,1,2,2,2,2,2,2,2,2,2,2,2,1,2,2,2,2,2,2,2,2,2,,,,,,,,,,,,,,,,,,,,,,,,,,,,,,,,,,,,,,,,,,,,,,,,,,,,,,,,,,,,,,,,,,,,,,,,,,,,,,,,,,,,,,,,,,,,,,,,,,,,,,,,,,,,,,,,,,,,,,,,,Choose between explanations for the growth of a minority group's outreach online
,,,,,,,,,,,,,,,,,,,,,,,,,,,,,,,,,,,,,,,,,,,,,,,,,,,,,,,,,,,,1,1,1,2,1,2,1,1,1,1,2,1,2,1,1,2,2,2,1,1,2,2,2,2,1,2,2,2,1,1,2,1,2,2,2,1,1,1,1,2,1,2,1,2,1,2,1,1,2,2,1,2,1,1,1,2,1,1,2,1,,,,,,,,,,,,,,,,,,,,,,,,,,,,,,,,,,,,,,,,,,,,,,,,,,,,,,,,,,,,,I was asked to choose which pair of statements were more likely to be the reason for a company's success.
1,1,1,1,1,1,1,2,1,1,1,1,1,2,2,1,1,1,1,1,1,2,1,1,1,1,1,1,1,1,1,1,1,2,1,1,1,2,1,1,2,1,1,2,1,1,2,1,1,1,1,1,1,1,1,1,1,1,2,1,,,,,,,,,,,,,,,,,,,,,,,,,,,,,,,,,,,,,,,,,,,,,,,,,,,,,,,,,,,,,,,,,,,,,,,,,,,,,,,,,,,,,,,,,,,,,,,,,,,,,,,,,,,,,,,,,,,,,,,,,chose the better between two opinions
1,2,2,1,1,1,1,2,2,1,2,1,1,2,1,1,1,2,1,2,1,1,1,2,1,1,2,1,2,2,1,1,1,2,2,1,1,2,1,1,2,2,2,2,1,2,1,2,2,2,2,1,1,1,1,1,2,2,2,1,,,,,,,,,,,,,,,,,,,,,,,,,,,,,,,,,,,,,,,,,,,,,,,,,,,,,,,,,,,,,,,,,,,,,,,,,,,,,,,,,,,,,,,,,,,,,,,,,,,,,,,,,,,,,,,,,,,,,,,,,I was asked to choose between two explanations in response to a vignette and decide which explanation was more likely.
1,1,1,1,1,2,1,1,1,1,1,2,1,1,2,1,2,1,1,2,1,2,2,1,2,2,2,2,2,1,1,2,2,2,2,1,2,1,1,2,1,1,1,1,1,1,1,2,1,1,2,2,2,2,2,2,1,2,2,2,,,,,,,,,,,,,,,,,,,,,,,,,,,,,,,,,,,,,,,,,,,,,,,,,,,,,,,,,,,,,,,,,,,,,,,,,,,,,,,,,,,,,,,,,,,,,,,,,,,,,,,,,,,,,,,,,,,,,,,,,to see what I resonated more with
,,,,,,,,,,,,,,,,,,,,,,,,,,,,,,,,,,,,,,,,,,,,,,,,,,,,,,,,,,,,,,,,,,,,,,,,,,,,,,,,,,,,,,,,,,,,,,,,,,,,,,,,,,,,,,,,,,,,,,,,1,1,1,1,1,1,1,2,1,1,1,1,1,1,1,1,1,1,1,1,1,1,1,1,1,2,1,1,1,1,1,1,2,1,1,1,1,1,1,1,1,1,1,1,1,1,1,1,2,1,1,2,1,1,1,1,1,1,1,1,"choose between two explanations for a scenario, as to which one was more likely"
1,2,1,1,1,1,1,1,1,1,2,1,1,2,2,1,1,1,2,1,1,1,1,1,1,1,2,2,1,1,1,1,1,2,1,1,1,2,1,1,1,2,2,1,1,1,2,2,2,1,1,1,1,1,1,1,1,1,2,1,,,,,,,,,,,,,,,,,,,,,,,,,,,,,,,,,,,,,,,,,,,,,,,,,,,,,,,,,,,,,,,,,,,,,,,,,,,,,,,,,,,,,,,,,,,,,,,,,,,,,,,,,,,,,,,,,,,,,,,,,I was asked to pick which of two responses best explained how minority opinions gained so much attention in Gredland.
1,1,2,1,1,1,1,1,1,1,2,1,1,2,1,1,1,2,1,1,2,2,1,1,2,1,2,1,1,1,1,1,1,2,1,1,1,1,1,1,1,1,1,1,1,2,2,1,1,1,1,1,1,1,1,1,1,1,2,1,,,,,,,,,,,,,,,,,,,,,,,,,,,,,,,,,,,,,,,,,,,,,,,,,,,,,,,,,,,,,,,,,,,,,,,,,,,,,,,,,,,,,,,,,,,,,,,,,,,,,,,,,,,,,,,,,,,,,,,,,Compare and choose statements made about a vignette
1,1,1,1,1,1,1,1,1,1,2,1,1,1,1,1,1,2,1,1,1,1,1,1,1,1,1,1,1,1,1,2,1,1,1,1,1,1,1,1,1,1,2,1,1,1,1,1,1,1,1,1,1,1,1,1,2,1,2,1,,,,,,,,,,,,,,,,,,,,,,,,,,,,,,,,,,,,,,,,,,,,,,,,,,,,,,,,,,,,,,,,,,,,,,,,,,,,,,,,,,,,,,,,,,,,,,,,,,,,,,,,,,,,,,,,,,,,,,,,,To read two explanations about a scenario and choose which one was more likely.
2,1,2,1,2,2,2,2,1,2,1,2,1,2,1,1,1,1,1,1,1,2,2,2,2,1,2,1,2,1,1,1,2,2,1,1,1,2,1,1,2,2,1,2,1,1,1,1,1,2,2,1,1,1,2,1,1,2,2,1,,,,,,,,,,,,,,,,,,,,,,,,,,,,,,,,,,,,,,,,,,,,,,,,,,,,,,,,,,,,,,,,,,,,,,,,,,,,,,,,,,,,,,,,,,,,,,,,,,,,,,,,,,,,,,,,,,,,,,,,,I was asked to choose between to phases that explain a minority groups unexpected popular unplanned influence against the statues-quo. i.e social change 
,,,,,,,,,,,,,,,,,,,,,,,,,,,,,,,,,,,,,,,,,,,,,,,,,,,,,,,,,,,,,,,,,,,,,,,,,,,,,,,,,,,,,,,,,,,,,,,,,,,,,,,,,,,,,,,,,,,,,,,,1,1,1,1,1,1,1,1,1,1,1,1,1,1,1,2,1,1,1,1,1,1,1,1,1,1,2,1,1,1,2,1,2,1,1,2,1,1,1,1,1,1,1,1,1,1,1,1,1,2,1,1,1,1,2,1,1,1,1,2,I was asked to choose which explanation seemed more plausible for the outcome of an event.
,,,,,,,,,,,,,,,,,,,,,,,,,,,,,,,,,,,,,,,,,,,,,,,,,,,,,,,,,,,,,,,,,,,,,,,,,,,,,,,,,,,,,,,,,,,,,,,,,,,,,,,,,,,,,,,,,,,,,,,,1,2,1,1,1,1,1,1,1,1,1,1,1,2,1,1,2,2,1,2,1,2,2,2,1,2,1,1,1,1,1,1,2,2,1,1,1,1,1,1,1,2,2,1,2,1,1,1,2,2,1,1,1,2,1,1,1,2,1,1,Pick options on why a crowd protesting job wages/ striking became violent after it was an initial peaceful protest.
2,1,2,1,1,1,2,1,2,2,1,1,2,2,2,1,1,1,2,2,2,1,2,2,2,2,2,2,1,2,2,2,2,2,2,1,1,2,2,2,2,1,1,2,2,2,1,1,1,1,1,1,1,1,2,2,2,1,2,2,,,,,,,,,,,,,,,,,,,,,,,,,,,,,,,,,,,,,,,,,,,,,,,,,,,,,,,,,,,,,,,,,,,,,,,,,,,,,,,,,,,,,,,,,,,,,,,,,,,,,,,,,,,,,,,,,,,,,,,,,I was asked to read a vignette and a question and then evaluate explanations that other people gave in response to the vignette and question.
1,1,2,1,2,1,2,1,1,1,1,1,2,2,1,2,1,1,1,2,2,1,2,1,1,1,2,1,1,2,2,1,1,1,1,1,1,2,2,1,1,1,1,2,1,2,1,2,2,1,1,1,2,1,1,2,1,1,1,1,,,,,,,,,,,,,,,,,,,,,,,,,,,,,,,,,,,,,,,,,,,,,,,,,,,,,,,,,,,,,,,,,,,,,,,,,,,,,,,,,,,,,,,,,,,,,,,,,,,,,,,,,,,,,,,,,,,,,,,,,Determine in my opinion which scenario fit more likely with the article we read
1,2,1,2,1,1,2,2,1,2,2,1,2,2,2,2,1,2,2,2,1,1,1,1,1,2,2,2,1,2,2,2,2,1,2,1,2,2,1,2,1,2,1,1,1,2,2,2,1,2,1,1,1,1,2,2,2,1,2,2,,,,,,,,,,,,,,,,,,,,,,,,,,,,,,,,,,,,,,,,,,,,,,,,,,,,,,,,,,,,,,,,,,,,,,,,,,,,,,,,,,,,,,,,,,,,,,,,,,,,,,,,,,,,,,,,,,,,,,,,,Pick one of two explanations for an event we read about
1,1,1,1,1,2,2,1,1,1,2,1,1,2,1,1,1,1,1,2,1,1,2,2,2,1,1,2,1,2,2,1,2,2,1,1,1,2,1,1,2,1,1,2,1,2,2,1,1,1,1,1,1,1,2,1,1,1,1,1,,,,,,,,,,,,,,,,,,,,,,,,,,,,,,,,,,,,,,,,,,,,,,,,,,,,,,,,,,,,,,,,,,,,,,,,,,,,,,,,,,,,,,,,,,,,,,,,,,,,,,,,,,,,,,,,,,,,,,,,,I looked at pairs of explanations and picked which one I thought was the most likely.
1,1,1,2,2,1,1,1,1,1,1,1,1,2,2,1,1,1,2,2,2,1,2,2,1,2,2,2,2,2,1,1,1,2,1,1,1,2,1,1,2,2,1,2,1,1,2,1,2,1,1,1,1,2,1,1,1,1,2,1,,,,,,,,,,,,,,,,,,,,,,,,,,,,,,,,,,,,,,,,,,,,,,,,,,,,,,,,,,,,,,,,,,,,,,,,,,,,,,,,,,,,,,,,,,,,,,,,,,,,,,,,,,,,,,,,,,,,,,,,,I was to decide which reason was the one I thought was the best for the scenario.
,,,,,,,,,,,,,,,,,,,,,,,,,,,,,,,,,,,,,,,,,,,,,,,,,,,,,,,,,,,,2,1,1,2,1,1,2,1,2,2,2,1,1,2,1,2,1,1,1,1,1,2,1,2,2,2,1,1,1,1,1,1,1,2,2,1,2,2,2,2,1,1,2,2,1,1,2,1,2,1,2,2,1,2,2,1,1,2,2,2,,,,,,,,,,,,,,,,,,,,,,,,,,,,,,,,,,,,,,,,,,,,,,,,,,,,,,,,,,,,,Describe the reason why fashion trend in Jiev changed 
,,,,,,,,,,,,,,,,,,,,,,,,,,,,,,,,,,,,,,,,,,,,,,,,,,,,,,,,,,,,1,2,2,1,2,1,2,2,2,1,2,1,1,1,1,1,1,1,1,2,1,1,2,1,2,2,1,2,2,1,2,1,2,1,1,2,2,1,1,2,1,2,1,2,1,1,2,1,2,1,2,2,2,1,1,1,1,2,2,1,,,,,,,,,,,,,,,,,,,,,,,,,,,,,,,,,,,,,,,,,,,,,,,,,,,,,,,,,,,,,Read a situation regarding changing clothing trends and then choose the most likely reason from a pair.
,,,,,,,,,,,,,,,,,,,,,,,,,,,,,,,,,,,,,,,,,,,,,,,,,,,,,,,,,,,,,,,,,,,,,,,,,,,,,,,,,,,,,,,,,,,,,,,,,,,,,,,,,,,,,,,,,,,,,,,,2,2,1,1,1,1,1,1,2,2,2,1,1,1,1,2,1,1,2,1,1,1,1,1,2,1,2,1,1,1,1,1,2,1,1,1,1,2,1,2,1,1,1,1,2,1,1,1,1,2,1,1,2,1,2,1,2,1,2,2,To choose what the most plausible explanation between two choices.
,,,,,,,,,,,,,,,,,,,,,,,,,,,,,,,,,,,,,,,,,,,,,,,,,,,,,,,,,,,,1,1,2,2,1,2,1,1,2,1,1,2,1,2,2,1,1,1,1,1,1,2,1,2,2,1,2,1,2,2,2,2,2,1,1,1,1,1,2,1,1,1,2,2,1,1,2,2,2,2,2,2,1,2,2,1,2,1,1,1,,,,,,,,,,,,,,,,,,,,,,,,,,,,,,,,,,,,,,,,,,,,,,,,,,,,,,,,,,,,,"my task is to choose between two options, the option that would be more probable or convincing taking into account a fixed scenario"
,,,,,,,,,,,,,,,,,,,,,,,,,,,,,,,,,,,,,,,,,,,,,,,,,,,,,,,,,,,,,,,,,,,,,,,,,,,,,,,,,,,,,,,,,,,,,,,,,,,,,,,,,,,,,,,,,,,,,,,,2,1,1,1,2,2,1,1,2,2,1,1,1,1,1,2,2,2,2,1,1,2,1,1,1,1,1,2,2,2,2,2,1,2,2,2,1,1,2,2,2,2,2,1,1,1,1,1,2,2,1,1,1,1,1,1,1,1,1,2,"Read the article, read the possible causes and choose the best of two explainationa."
,,,,,,,,,,,,,,,,,,,,,,,,,,,,,,,,,,,,,,,,,,,,,,,,,,,,,,,,,,,,,,,,,,,,,,,,,,,,,,,,,,,,,,,,,,,,,,,,,,,,,,,,,,,,,,,,,,,,,,,,2,1,1,1,1,1,1,2,1,1,1,1,1,2,1,1,2,1,1,1,1,1,1,1,1,1,2,1,2,1,1,2,1,1,1,1,1,1,1,2,1,1,1,1,1,1,1,1,2,2,1,1,1,2,1,1,1,2,1,1,to determine as to why the factory workers were protesting 
,,,,,,,,,,,,,,,,,,,,,,,,,,,,,,,,,,,,,,,,,,,,,,,,,,,,,,,,,,,,,,,,,,,,,,,,,,,,,,,,,,,,,,,,,,,,,,,,,,,,,,,,,,,,,,,,,,,,,,,,1,1,2,1,1,1,1,2,1,1,1,1,1,1,1,2,1,2,2,2,1,1,1,1,1,1,1,1,1,1,1,2,1,1,1,2,1,1,1,1,1,1,1,1,1,1,1,1,1,1,1,1,1,1,2,1,1,1,1,1,To pick a better description for the likely reason of a protest that turned violent regarding a factory workings protesting for higher pay.
2,1,1,2,2,1,1,2,2,1,2,2,1,2,2,1,2,2,2,2,1,2,2,1,1,1,2,1,1,2,2,1,1,1,1,1,2,1,2,1,2,1,2,1,2,2,2,2,2,2,2,2,1,2,1,2,2,2,1,1,,,,,,,,,,,,,,,,,,,,,,,,,,,,,,,,,,,,,,,,,,,,,,,,,,,,,,,,,,,,,,,,,,,,,,,,,,,,,,,,,,,,,,,,,,,,,,,,,,,,,,,,,,,,,,,,,,,,,,,,,To pick which statement you think was correct.
,,,,,,,,,,,,,,,,,,,,,,,,,,,,,,,,,,,,,,,,,,,,,,,,,,,,,,,,,,,,2,1,2,1,1,2,2,2,2,1,1,1,2,1,1,1,1,2,1,1,1,2,2,2,2,2,2,1,2,2,2,1,1,2,1,1,2,1,2,2,1,2,2,2,2,1,2,1,2,1,1,2,2,1,1,1,1,1,1,1,,,,,,,,,,,,,,,,,,,,,,,,,,,,,,,,,,,,,,,,,,,,,,,,,,,,,,,,,,,,,Choose between two reasons why fashion trends have changed
,,,,,,,,,,,,,,,,,,,,,,,,,,,,,,,,,,,,,,,,,,,,,,,,,,,,,,,,,,,,1,1,1,2,1,2,1,2,2,1,1,2,2,1,1,1,1,1,1,1,1,1,1,2,1,1,2,1,1,1,2,1,2,1,1,1,1,1,1,1,1,1,1,1,1,1,1,1,2,2,1,1,2,1,2,2,1,2,1,2,,,,,,,,,,,,,,,,,,,,,,,,,,,,,,,,,,,,,,,,,,,,,,,,,,,,,,,,,,,,,I was asked to pick which scenario of the two is most likely to explain why fashion turnover is much more frequent in Jivev since 2010.
,,,,,,,,,,,,,,,,,,,,,,,,,,,,,,,,,,,,,,,,,,,,,,,,,,,,,,,,,,,,1,2,2,2,2,2,1,2,2,1,2,1,1,2,1,2,2,2,2,1,1,2,1,1,2,2,2,1,1,1,1,1,2,2,2,2,1,1,1,1,2,2,2,1,1,1,2,1,2,2,1,1,1,2,1,1,1,2,2,2,,,,,,,,,,,,,,,,,,,,,,,,,,,,,,,,,,,,,,,,,,,,,,,,,,,,,,,,,,,,,Choose between two explanations for the increased frequency of fashion changes in Jirev.
,,,,,,,,,,,,,,,,,,,,,,,,,,,,,,,,,,,,,,,,,,,,,,,,,,,,,,,,,,,,1,1,1,2,1,1,1,2,2,1,1,2,2,1,1,1,1,2,1,1,2,2,2,1,2,1,2,1,2,1,2,1,2,1,1,1,1,1,2,2,2,1,1,2,1,2,2,1,2,1,1,2,1,1,1,2,1,2,1,2,,,,,,,,,,,,,,,,,,,,,,,,,,,,,,,,,,,,,,,,,,,,,,,,,,,,,,,,,,,,,I was asked to choose which one of two given explanations was better and more likely to explain the given situation about fashion trends.
,,,,,,,,,,,,,,,,,,,,,,,,,,,,,,,,,,,,,,,,,,,,,,,,,,,,,,,,,,,,,,,,,,,,,,,,,,,,,,,,,,,,,,,,,,,,,,,,,,,,,,,,,,,,,,,,,,,,,,,,2,1,2,2,2,1,2,1,2,2,2,2,1,1,1,2,1,1,1,1,1,1,1,1,1,1,1,1,2,2,1,2,2,1,2,2,1,1,2,2,2,2,2,1,1,2,1,2,2,2,2,2,1,1,1,1,1,2,2,1,I was asked to select the statement that better responded a posed question.
,,,,,,,,,,,,,,,,,,,,,,,,,,,,,,,,,,,,,,,,,,,,,,,,,,,,,,,,,,,,,,,,,,,,,,,,,,,,,,,,,,,,,,,,,,,,,,,,,,,,,,,,,,,,,,,,,,,,,,,,2,1,2,1,1,1,1,1,1,2,1,1,2,2,1,2,1,1,1,1,1,1,1,1,1,2,1,1,1,1,1,2,2,1,1,1,2,1,1,1,1,2,2,1,2,1,1,1,1,2,1,1,1,2,2,1,2,2,1,2,pick the vingette you thought fit best with the comment
1,2,1,2,2,2,2,2,1,2,1,2,2,2,1,1,2,1,1,1,2,1,1,2,1,2,1,1,2,2,2,1,1,1,1,1,1,1,2,1,2,2,2,1,1,2,2,1,2,1,2,1,1,2,2,1,1,1,2,2,,,,,,,,,,,,,,,,,,,,,,,,,,,,,,,,,,,,,,,,,,,,,,,,,,,,,,,,,,,,,,,,,,,,,,,,,,,,,,,,,,,,,,,,,,,,,,,,,,,,,,,,,,,,,,,,,,,,,,,,,I was asked to read a story and then rate between which two of the following prompts seemed more plausible to have happened.
,,,,,,,,,,,,,,,,,,,,,,,,,,,,,,,,,,,,,,,,,,,,,,,,,,,,,,,,,,,,,,,,,,,,,,,,,,,,,,,,,,,,,,,,,,,,,,,,,,,,,,,,,,,,,,,,,,,,,,,,1,1,1,1,2,2,1,1,1,1,1,1,1,1,1,1,1,1,1,1,1,1,1,1,1,1,1,1,1,1,1,1,1,1,1,2,1,1,1,1,1,1,1,1,1,1,1,1,2,1,1,1,1,2,2,1,2,1,1,1,Select the more likely scenario of 2 possible options
1,2,1,1,1,1,1,2,1,1,2,1,1,2,2,1,2,2,2,2,2,1,1,2,2,2,2,2,1,2,1,1,1,2,1,1,1,1,1,1,1,2,1,2,1,1,1,2,2,1,1,1,1,1,2,2,2,2,2,1,,,,,,,,,,,,,,,,,,,,,,,,,,,,,,,,,,,,,,,,,,,,,,,,,,,,,,,,,,,,,,,,,,,,,,,,,,,,,,,,,,,,,,,,,,,,,,,,,,,,,,,,,,,,,,,,,,,,,,,,,Choose which explanation is better about a rise in what were deemed minority beliefs or oppositional positions to the status quo
,,,,,,,,,,,,,,,,,,,,,,,,,,,,,,,,,,,,,,,,,,,,,,,,,,,,,,,,,,,,,,,,,,,,,,,,,,,,,,,,,,,,,,,,,,,,,,,,,,,,,,,,,,,,,,,,,,,,,,,,1,2,1,1,1,1,1,2,1,1,1,1,1,1,1,2,1,1,1,1,1,1,1,1,1,1,1,1,1,1,1,2,2,1,1,2,1,1,1,1,1,1,1,1,1,1,1,1,1,1,1,1,1,1,1,1,1,1,1,1,I was asked to judge which explanation out of two explanations was more likely and do this many times.